uml_id,operator_pt,parent_group,province,latitude,longitude,source_count,is_indonesian
PO1000000017,AGROPALMA,AGROPALMA,Pará,-2.25,-48.59,1,False
PO1000000019,EPA MANAGEMENT SDN BHD,KULIM (MALAYSIA) BERHAD,Johor,1.73,103.54,1,False
PO1000000020,NEW BRITAIN PALM OIL,NBPOL,West New Britain,-5.62,150.24,1,False
PO1000000021,INTI INDOSAWIT SUBUR,ROYAL GOLDEN EAGLE,Riau,0.43,101.82,2,True
PO1000000052,PAMOL ESTATES (SABAH) SDN BHD,IOI CORPORATION,Sabah,6.0,117.4,1,False
PO1000000053,HARGY OIL PALM LTD,SIPEF,West New Britain,-5.31,151.01,1,False
PO1000000054,MUSIM MAS HOLDINGS PTE LTD,MUSIM MAS,Riau,0.08,102.03,2,True
PO1000000058,HINDOLI,CARGILL,Sumatera Selatan,-2.61,104.13,2,True
PO1000000063,SIME DARBY PLANTATION BHD,SIME DARBY,Sabah,4.7,118.06,1,False
PO1000000064,SIME DARBY PLANTATION BHD,SIME DARBY,Sabah,4.37,117.83,1,False
PO1000000065,SIME DARBY PLANTATION BHD,SIME DARBY,Sabah,5.64,118.17,1,False
PO1000000066,SABAHMAS PLANTATION SDN BHD,WILMAR GROUP,Sabah,5.18,118.41,1,False
PO1000000091,SAREMAS SDN BHD,WILMAR GROUP,Sarawak,3.52,113.74,1,False
PO1000000092,AGRO WIRATAMA,MUSIM MAS,Sumatera Barat,0.2,99.63,2,True
PO1000000093,SAREMAS SDN BHD,WILMAR GROUP,Sarawak,3.45,113.77,1,False
PO1000000094,IOI CORPORATION BHD,IOI CORPORATION,Johor,2.61,102.68,1,False
PO1000000095,EASTERN SUMATERA INDONESIA,SIPEF,Sumatera Utara,3.01,99.24,2,True
PO1000000097,SIME DARBY PLANTATION BHD,SIME DARBY,Selangor,2.88,101.44,1,False
PO1000000098,SIME DARBY PLANTATION BHD,SIME DARBY,Negeri Sembilan,2.66,101.79,1,False
PO1000000099,TOLAN TIGA INDONESIA,SIPEF,Sumatera Utara,2.06,100.08,2,True
PO1000000101,SIME DARBY PLANTATION BHD,SIME DARBY,Sabah,5.73,117.75,1,False
PO1000000102,RAMU AGRI INDUSTRIES,NBPOL,Morobe,-6.07,145.98,1,False
PO1000000103,SIME DARBY PLANTATION BHD,SIME DARBY,Selangor,2.9,101.36,1,False
PO1000000104,SIME DARBY PLANTATION BHD,SIME DARBY,Kedah,5.39,100.71,1,False
PO1000000105,HARGY OIL PALM LTD,SIPEF,West New Britain,-5.09,151.22,1,False
PO1000000106,SUKAJADI SAWIT MEKAR,MUSIM MAS,Kalimantan Tengah,-2.38,112.54,2,True
PO1000000107,SIME INDO AGRO,SIME DARBY,Kalimantan Barat,0.27,110.48,2,True
PO1000000109,IOI CORPORATION BHD,IOI CORPORATION,Johor,2.11,103.39,1,False
PO1000000110,IOI CORPORATION BHD,IOI CORPORATION,Sabah,5.84,117.84,1,False
PO1000000114,SIME DARBY PLANTATION BHD,SIME DARBY,Johor,2.06,103.15,1,False
PO1000000118,IOI CORPORATION BHD,IOI CORPORATION,Sabah,4.76,118.09,1,False
PO1000000120,IOI CORPORATION BHD,IOI CORPORATION,Pahang,3.3,103.14,1,False
PO1000000122,IOI CORPORATION BHD,IOI CORPORATION,Sabah,5.56,117.23,1,False
PO1000000123,C.I. TEQUENDAMA S.A.S.,DAABON GROUP,Magdalena,10.55,-74.18,1,False
PO1000000128,CAROTINO SDN BHD,JC CHANG (PTE) LTD,Pahang,3.82,102.82,1,False
PO1000000130,SAPI PLANTATION SDN BHD,WILMAR GROUP,Sabah,5.83,117.34,1,False
PO1000000131,GUADALCANAL PLAINS PALM OIL LTD,NBPOL,Guadalcanal,-9.44,160.22,1,False
PO1000000134,SUKAJADI SAWIT MEKAR,MUSIM MAS,Kalimantan Tengah,-2.37,112.6,2,True
PO1000000137,SAPI PLANTATION SDN BHD,WILMAR GROUP,Sabah,5.73,117.39,1,False
PO1000000139,REKA HALUS SDN BHD,WILMAR GROUP,Sabah,5.77,117.46,1,False
PO1000000143,REA KALTIM,REA HOLDINGS,Kalimantan Timur,0.26,116.15,2,True
PO1000000144,MUSTIKA SEMBULUH,WILMAR GROUP,Kalimantan Tengah,-2.59,112.51,2,True
PO1000000146,KERRY SAWIT INDONESIA,WILMAR GROUP,Kalimantan Tengah,-2.78,112.51,2,True
PO1000000148,INTI INDOSAWIT SUBUR,ROYAL GOLDEN EAGLE,Riau,-0.22,102.1,2,True
PO1000000156,SIME DARBY PLANTATION BHD,SIME DARBY,Trengganu,3.96,103.31,1,False
PO1000000157,SIME DARBY PLANTATION BHD,SIME DARBY,Selangor,3.4,101.42,1,False
PO1000000169,SABAHMAS PLANTATION SDN BHD,WILMAR GROUP,Sabah,5.69,117.09,1,False
PO1000000170,MAJU ANEKA SAWIT,MUSIM MAS,Kalimantan Tengah,-2.48,112.65,2,True
PO1000000180,BERKAT SAWIT SEJATI,MUSIM MAS,Sumatera Selatan,-2.32,103.71,2,True
PO1000000182,SIME DARBY PLANTATION BHD,SIME DARBY,Sabah,4.59,118.19,1,False
PO1000000183,SIME DARBY PLANTATION BHD,SIME DARBY,Johor,2.24,103.14,1,False
PO1000000184,BAKRIE SUMATERA PLANTATIONS,BAKRIE,Sumatera Utara,3.04,99.58,2,True
PO1000000185,HAP SENG PLANTATIONS (RIVER ESTATES) SDN BHD,HAP SENG PLANTATIONS HOLDINGS BERHAD,Sabah,5.34,118.47,1,False
PO1000000187,SIME DARBY PLANTATION BHD,SIME DARBY,Melaka,2.32,102.48,1,False
PO1000000189,SIME DARBY PLANTATION BHD,SIME DARBY,Johor,2.18,102.73,1,False
PO1000000190,SIME DARBY PLANTATION BHD,SIME DARBY,Johor,2.15,102.97,1,False
PO1000000191,SIME DARBY PLANTATION BHD,SIME DARBY,Perak,4.89,101.09,1,False
PO1000000192,SIME DARBY PLANTATION BHD,SIME DARBY,Pahang,4.2,101.86,1,False
PO1000000193,SIME DARBY PLANTATION BHD,SIME DARBY,Perak,3.97,100.99,1,False
PO1000000194,SIME DARBY PLANTATION BHD,SIME DARBY,Johor,1.93,103.35,1,False
PO1000000195,SIME DARBY PLANTATION BHD,SIME DARBY,Perak,3.99,101.08,1,False
PO1000000198,SRI KAMUSAN SDN BHD,WILMAR GROUP,Sabah,6.2,117.29,1,False
PO1000000199,SYARIKAT PUKIN LADANG KELAPA SAWIT SDN BHD,IOI CORPORATION,Pahang,2.72,102.91,1,False
PO1000000201,KUALA LUMPUR KEPONG BHD,KUALA LUMPUR KEPONG (KLK),Johor,2.2,103.27,1,False
PO1000000202,NEW BRITAIN PALM OIL,NBPOL,New Ireland,-2.87,151.28,1,False
PO1000000223,"MONG RETHTHY INVESTMENT CAMBODIA OIL PALM CO., LTD",MRICOP,Kaôh Kong,10.96,103.91,1,False
PO1000000227,FGV PALM INDUSTRIES SDN BHD,FGV HOLDINGS BERHAD,Johor,1.58,104.1,1,False
PO1000000234,FGV PALM INDUSTRIES SDN BHD,FGV HOLDINGS BERHAD,Johor,1.79,104.08,1,False
PO1000000235,FGV PALM INDUSTRIES SDN BHD,FGV HOLDINGS BERHAD,Johor,1.72,104.12,1,False
PO1000000236,FGV PALM INDUSTRIES SDN BHD,FGV HOLDINGS BERHAD,Johor,1.55,104.19,1,False
PO1000000238,UNITED PLANTATIONS BHD,UNITED PLANTATIONS,Perak,3.85,100.97,1,False
PO1000000240,UNITED PLANTATIONS BHD,UNITED PLANTATIONS,Perak,3.72,101.26,1,False
PO1000000242,UNITED PLANTATIONS BHD,UNITED PLANTATIONS,Perak,3.75,101.15,1,False
PO1000000243,UNITED INTERNATIONAL ENTERPRISES (M) SDN BHD,UNITED PLANTATIONS,Perak,4.44,100.72,1,False
PO1000000254,FGV PALM INDUSTRIES SDN BHD,FGV HOLDINGS BERHAD,Pahang,3.92,102.49,1,False
PO1000000255,FGV PALM INDUSTRIES SDN BHD,FGV HOLDINGS BERHAD,Pahang,3.97,102.69,1,False
PO1000000261,KL-KEPONG (SABAH) SDN BHD,KUALA LUMPUR KEPONG (KLK),Sabah,5.61,117.79,1,False
PO1000000262,KL-KEPONG (SABAH) SDN BHD,KUALA LUMPUR KEPONG (KLK),Sabah,5.02,118.57,1,False
PO1000000263,KL-KEPONG (SABAH) SDN BHD,KUALA LUMPUR KEPONG (KLK),Sabah,5.08,118.59,1,False
PO1000000272,FGV PALM INDUSTRIES SDN BHD,FGV HOLDINGS BERHAD,Pahang,3.88,102.82,1,False
PO1000000279,INTI INDOSAWIT SUBUR,ROYAL GOLDEN EAGLE,Jambi,-1.59,103.2,2,True
PO1000000280,KUALA LUMPUR KEPONG BHD,KUALA LUMPUR KEPONG (KLK),Negeri Sembilan,2.74,102.41,1,False
PO1000000283,PANGKATAN INDONESIA,MP EVANS,Sumatera Utara,2.1,99.95,2,True
PO1000000284,AEK TARUM,SAMPOERNA AGRO,Sumatera Selatan,-3.84,104.97,2,True
PO1000000286,UNGGUL LESTARI,MUSIM MAS,Kalimantan Tengah,-1.6,112.6,2,True
PO1000000294,SIME DARBY PLANTATION BHD,SIME DARBY,Perak,3.93,100.86,1,False
PO1000000295,SIME DARBY PLANTATION BHD,SIME DARBY,Pahang,3.57,102.28,1,False
PO1000000296,SIME DARBY PLANTATION BHD,SIME DARBY,Negeri Sembilan,2.78,102.5,1,False
PO1000000297,SIME DARBY PLANTATION BHD,SIME DARBY,Negeri Sembilan,2.75,101.8,1,False
PO1000000298,SIME DARBY PLANTATION BHD,SIME DARBY,Negeri Sembilan,2.53,101.9,1,False
PO1000000300,SIME DARBY PLANTATION BHD,SIME DARBY,Sabah,5.23,115.99,1,False
PO1000000301,SIME DARBY PLANTATION BHD,SIME DARBY,Johor,1.76,103.45,1,False
PO1000000302,SIME DARBY PLANTATION BHD,SIME DARBY,Perak,4.98,100.46,1,False
PO1000000303,SIME DARBY PLANTATION BHD,SIME DARBY,Sarawak,3.46,113.65,1,False
PO1000000304,SIME DARBY PLANTATION BHD,SIME DARBY,Sarawak,3.43,113.6,1,False
PO1000000305,SIME DARBY PLANTATION BHD,SIME DARBY,Sarawak,3.37,113.4,1,False
PO1000000306,SIME DARBY PLANTATION BHD,SIME DARBY,Sarawak,3.39,113.35,1,False
PO1000000307,SIME DARBY PLANTATION BHD,SIME DARBY,Johor,1.83,103.46,1,False
PO1000000312,AGRIVAR,AGRIVAR,Comoé,5.28,-3.53,1,False
PO1000000314,TEGUH SEMPURNA,SIME DARBY,Kalimantan Tengah,-2.15,112.29,2,True
PO1000000315,BAHARI GEMBIRA RIA,SIME DARBY,Jambi,-1.79,103.79,2,True
PO1000000316,BINA SAINS CEMERLANG,SIME DARBY,Sumatera Selatan,-2.99,103.41,2,True
PO1000000317,ANEKA INTI PERSADA,SIME DARBY,Riau,0.59,101.66,2,True
PO1000000318,BHUMIREKSA NUSA SEJATI,SIME DARBY,Riau,0.26,103.59,2,True
PO1000000319,BERSAMA SEJAHTERA SAKTI,SIME DARBY,Kalimantan Selatan,-3.49,116.17,2,True
PO1000000320,GUTHRIE PECCONINA INDONESIA,SIME DARBY,Sumatera Selatan,-2.92,103.75,2,True
PO1000000321,INDOTRUBA TENGAH,SIME DARBY,Kalimantan Tengah,-2.44,112.01,2,True
PO1000000322,KRIDATAMA LANCAR,SIME DARBY,Kalimantan Tengah,-2.06,112.32,2,True
PO1000000323,LAGUNA MANDIRI,SIME DARBY,Kalimantan Selatan,-2.44,116.11,2,True
PO1000000324,LANGGENG MUARA MAKMUR,SIME DARBY,Kalimantan Selatan,-2.37,116.33,2,True
PO1000000325,LADANGRUMPUN SUBURABADI,SIME DARBY,Kalimantan Selatan,-3.61,115.61,2,True
PO1000000326,LAHAN TANI SAKTI,SIME DARBY,Riau,1.56,100.54,2,True
PO1000000327,PARIPURNA SWAKARSA,SIME DARBY,Kalimantan Selatan,-2.48,116.51,2,True
PO1000000328,SWADAYA ANDIKA,SIME DARBY,Kalimantan Selatan,-2.51,116.21,2,True
PO1000000329,SAJANG HEULANG,SIME DARBY,Kalimantan Selatan,-3.67,115.62,2,True
PO1000000330,TUNGGAL MITRA PLANTATIONS,SIME DARBY,Riau,1.52,100.73,2,True
PO1000000331,TAMACO GRAHA KRIDA,SIME DARBY,Sulawesi Tengah,-2.22,121.56,2,True
PO1000000338,BOUSTEAD PLANTATIONS BHD,BOUSTEAD PLANTATIONS BERHAD,Pahang,3.34,103.1,1,False
PO1000000340,KERESA MILL SDN BHD,KERESA PLANTATIONS SDN BHD,Sarawak,3.16,113.6,1,False
PO1000000345,INTI INDOSAWIT SUBUR,ROYAL GOLDEN EAGLE,Jambi,-1.3,102.98,2,True
PO1000000347,SIME DARBY PLANTATION BHD,SIME DARBY,Melaka,2.24,102.48,1,False
PO1000000352,SOCFIN INDONESIA,SOCFIN,Sumatera Utara,3.2,99.4,2,True
PO1000000354,SWAKARSA SINAR SENTOSA,DHARMA SATYA NUSANTARA (DSN),Kalimantan Timur,1.12,116.85,2,True
PO1000000355,MUSIM MAS HOLDINGS PTE LTD,MUSIM MAS,Riau,-0.05,102.08,2,True
PO1000000382,INTI INDOSAWIT SUBUR,ROYAL GOLDEN EAGLE,Riau,0.46,101.87,2,True
PO1000000411,ADEI PLANTATION AND INDUSTRY,KUALA LUMPUR KEPONG (KLK),Riau,1.08,101.33,2,True
PO1000000427,KL-KEPONG (SABAH) SDN BHD,KUALA LUMPUR KEPONG (KLK),Sabah,4.45,118.28,1,False
PO1000000428,KL-KEPONG (SABAH) SDN BHD,KUALA LUMPUR KEPONG (KLK),Sabah,4.46,118.22,1,False
PO1000000438,LAM SOON (THAILAND),LAM SOON (THAILAND),Trang,7.71,99.32,1,False
PO1000000451,SOCFIN INDONESIA,SOCFIN,Sumatera Utara,3.33,99.04,2,True
PO1000000505,KECK SENG (M) BHD,KECK SENG (M) BERHAD,Johor,1.54,103.96,1,False
PO1000000512,REA KALTIM,REA HOLDINGS,Kalimantan Timur,0.27,116.27,2,True
PO1000000514,FGV PALM INDUSTRIES SDN BHD,FGV HOLDINGS BERHAD,Pahang,3.69,102.59,1,False
PO1000000520,KULA PALM OIL LTD - HIGATURU OIL PALMS,NBPOL,Oro,-8.85,147.71,1,False
PO1000000521,KULA PALM OIL LTD - MILNE BAY ESTATES,NBPOL,Milne Bay,-10.32,150.29,1,False
PO1000000524,ASIA OIL PALM SDN BHD,JC CHANG (PTE) LTD,Sabah,5.29,118.21,1,False
PO1000000527,MELEWAR PROPERTIES SDN BHD,JC CHANG (PTE) LTD,Sabah,5.27,118.05,1,False
PO1000000530,AUSTINDO NUSANTARA JAYA AGRI,ANJ GROUP,Sumatera Utara,1.48,99.96,2,True
PO1000000531,SAHABAT MEWAH & MAKMUR,ANJ AGRO,Bangka Belitung,-3.0,107.88,2,True
PO1000000540,SYARIMO SDN BHD,IOI CORPORATION,Sabah,5.33,117.78,1,False
PO1000000541,LADANG SABAH SDN BHD,IOI CORPORATION,Sabah,5.73,117.58,1,False
PO1000000553,TUNAS BARU LAMPUNG,SUNGAI BUDI,Sumatera Selatan,-2.91,104.91,2,True
PO1000000560,PERKEBUNAN MILANO,WILMAR GROUP,Sumatera Utara,1.84,100.2,2,True
PO1000000561,KENCANA SAWIT INDONESIA,WILMAR GROUP,Sumatera Barat,-1.47,101.51,2,True
PO1000000562,TANIA SELATAN,WILMAR GROUP,Sumatera Selatan,-3.63,104.87,2,True
PO1000000567,SALIM IVOMAS PRATAMA,SALIM GROUP,Riau,1.66,100.59,2,True
PO1000000576,FGV PALM INDUSTRIES SDN BHD,FGV HOLDINGS BERHAD,Pahang,3.21,102.3,1,False
PO1000000600,SARANA TITIAN PERMATA,WILMAR GROUP,Kalimantan Tengah,-2.89,112.54,2,True
PO1000000601,AMP PLANTATION,WILMAR GROUP,Sumatera Barat,-0.15,100.03,2,True
PO1000000603,FGV PALM INDUSTRIES SDN BHD,FGV HOLDINGS BERHAD,Pahang,3.59,102.56,1,False
PO1000000607,FGV PALM INDUSTRIES SDN BHD,FGV HOLDINGS BERHAD,Pahang,3.74,102.49,1,False
PO1000000614,UNIVANICH PALM OIL PUBLIC COMPANY LTD,UNIVANICH PALM OIL,Krabi,8.0,99.33,1,False
PO1000000638,SEKARBUMI ALAMLESTARI,KUALA LUMPUR KEPONG (KLK),Riau,0.76,101.22,2,True
PO1000000674,FGV PALM INDUSTRIES SDN BHD,FGV HOLDINGS BERHAD,Pahang,4.02,102.39,1,False
PO1000000694,UNIVANICH PALM OIL PUBLIC COMPANY LTD,UNIVANICH PALM OIL,Surat Thani,8.58,98.92,1,False
PO1000000695,UNIVANICH PALM OIL PUBLIC COMPANY LTD,UNIVANICH PALM OIL,Krabi,8.39,98.73,1,False
PO1000000706,PERKASA SUBUR SAKTI,SIME DARBY,Aceh,4.71,97.84,2,True
PO1000000762,FGV PALM INDUSTRIES SDN BHD,FGV HOLDINGS BERHAD,Pahang,3.27,102.58,1,False
PO1000000819,EXTRACTORA NATURAL S.A. EXTRANATU,NATURAL HABITATS GROUP,Esmeraldas,0.68,-79.54,1,False
PO1000000820,FGV PALM INDUSTRIES SDN BHD,FGV HOLDINGS BERHAD,Pahang,3.27,102.23,1,False
PO1000000829,SAJANG HEULANG,SIME DARBY,Kalimantan Selatan,-3.49,115.74,2,True
PO1000000879,PERKEBUNAN NUSANTARA III,PTPN III,Sumatera Utara,3.13,99.34,2,True
PO1000000884,AGRO MITRA MADANI,BAKRIE,Jambi,-1.08,103.11,2,True
PO1000000892,KUALA LUMPUR KEPONG BHD,KUALA LUMPUR KEPONG (KLK),Selangor,3.7,101.49,1,False
PO1000000894,KUALA LUMPUR KEPONG BHD,KUALA LUMPUR KEPONG (KLK),Kedah,5.19,100.63,1,False
PO1000000895,KUALA LUMPUR KEPONG BHD,KUALA LUMPUR KEPONG (KLK),Selangor,3.27,101.46,1,False
PO1000000896,KUALA LUMPUR KEPONG BHD,KUALA LUMPUR KEPONG (KLK),Perak,4.28,100.78,1,False
PO1000000898,FGV PALM INDUSTRIES SDN BHD,FGV HOLDINGS BERHAD,Pahang,3.35,102.6,1,False
PO1000000901,FGV PALM INDUSTRIES SDN BHD,FGV HOLDINGS BERHAD,Pahang,3.26,102.6,1,False
PO1000000936,JEROCO PLANTATIONS SDN BHD,HAP SENG PLANTATIONS HOLDINGS BERHAD,Sabah,5.43,118.42,1,False
PO1000000939,DHARMA SATYA NUSANTARA,DHARMA SATYA NUSANTARA (DSN),Kalimantan Timur,1.25,116.73,2,True
PO1000000950,DHARMA SATYA NUSANTARA,DHARMA SATYA NUSANTARA (DSN),Kalimantan Timur,1.26,116.87,2,True
PO1000000953,BULUH CAWANG PLANTATIONS,WILMAR GROUP,Sumatera Selatan,-3.95,104.96,2,True
PO1000000967,FGV PALM INDUSTRIES SDN BHD,FGV HOLDINGS BERHAD,Sabah,5.19,119.19,1,False
PO1000000968,FGV PALM INDUSTRIES SDN BHD,FGV HOLDINGS BERHAD,Sabah,5.08,118.94,1,False
PO1000001031,SIME DARBY PLANTATION BHD,SIME DARBY,Johor,2.08,102.72,1,False
PO1000001043,BUMI SAWIT KENCANA,WILMAR GROUP,Kalimantan Tengah,-2.23,112.49,2,True
PO1000001050,UNITED PALM OIL INDUSTRY PUBLIC COMPANY LTD (UPOIC),LAM SOON (THAILAND),Krabi,8.15,99.02,1,False
PO1000001053,TDM PLANTATION SDN BHD,TDM BERHAD,Trengganu,4.4,103.25,1,False
PO1000001056,IVO MAS TUNGGAL,SINAR MAS,Riau,0.97,101.26,2,True
PO1000001057,IVO MAS TUNGGAL,SINAR MAS,Riau,0.93,101.21,2,True
PO1000001058,IVO MAS TUNGGAL,SINAR MAS,Riau,0.94,101.3,2,True
PO1000001060,BUANA WIRALESTARI MAS,SINAR MAS,Riau,0.83,101.04,2,True
PO1000001061,BUANA WIRALESTARI MAS,SINAR MAS,Riau,0.78,101.05,2,True
PO1000001062,RAMAJAYA PRAMUKTI,SINAR MAS,Riau,0.53,101.08,2,True
PO1000001064,BUMIPALMA LESTARIPERSADA,SINAR MAS,Riau,-0.6,102.98,2,True
PO1000001065,MEGANUSA INTISAWIT,SINAR MAS,Riau,-0.57,102.31,2,True
PO1000001079,SINAR MAS AGRO RESOURCES AND TECHNOLOGY,SINAR MAS,Sumatera Utara,2.32,99.84,2,True
PO1000001094,IOI CORPORATION BHD,IOI CORPORATION,Sabah,5.55,118.44,1,False
PO1000001098,IOI CORPORATION BHD,IOI CORPORATION,Sabah,5.49,118.37,1,False
PO1000001113,TDM PLANTATION SDN BHD,TDM BERHAD,Trengganu,5.31,102.91,1,False
PO1000001150,TAPIAN NADENGGAN,SINAR MAS,Sumatera Utara,1.65,99.89,2,True
PO1000001151,SINAR MAS AGRO RESOURCES AND TECHNOLOGY,SINAR MAS,Kalimantan Selatan,-3.2,116.02,2,True
PO1000001152,SINAR MAS AGRO RESOURCES AND TECHNOLOGY,SINAR MAS,Kalimantan Selatan,-3.79,115.28,2,True
PO1000001154,TAPIAN NADENGGAN,SINAR MAS,Kalimantan Tengah,-2.36,112.11,2,True
PO1000001155,BINASAWIT ABADI PRATAMA,SINAR MAS,Kalimantan Tengah,-2.32,112.33,2,True
PO1000001156,TAPIAN NADENGGAN,SINAR MAS,Kalimantan Tengah,-2.25,112.34,2,True
PO1000001207,AYU SAWIT LESTARI,CARGILL,Kalimantan Barat,-2.43,110.82,2,True
PO1000001208,HARAPAN SAWIT LESTARI,CARGILL,Kalimantan Barat,-2.48,111.02,2,True
PO1000001233,FGV PALM INDUSTRIES SDN BHD,FGV HOLDINGS BERHAD,Pahang,3.97,103.15,1,False
PO1000001250,SOCFIN INDONESIA,SOCFIN,Sumatera Utara,2.32,100.07,2,True
PO1000001251,SOCFIN INDONESIA,SOCFIN,Aceh,4.23,98.06,2,True
PO1000001252,SOCFIN INDONESIA,SOCFIN,Sumatera Utara,2.65,99.62,2,True
PO1000001256,SOCFIN INDONESIA,SOCFIN,Sumatera Utara,3.53,99.09,2,True
PO1000001263,EPA MANAGEMENT SDN BHD,KULIM (MALAYSIA) BERHAD,Johor,2.22,103.35,1,False
PO1000001264,SINDORA BHD,KULIM (MALAYSIA) BERHAD,Johor,1.99,103.46,1,False
PO1000001265,MAHAMURNI PLANTATIONS SDN BHD,KULIM (MALAYSIA) BERHAD,Johor,2.71,102.79,1,False
PO1000001278,AGRO MUKO,SIPEF,Bengkulu,-2.6,101.28,2,True
PO1000001279,AGRO MUKO,SIPEF,Bengkulu,-2.72,101.37,2,True
PO1000001285,FGV PALM INDUSTRIES SDN BHD,FGV HOLDINGS BERHAD,Johor,1.77,103.7,1,False
PO1000001309,FGV PALM INDUSTRIES SDN BHD,FGV HOLDINGS BERHAD,Johor,1.74,103.65,1,False
PO1000001310,FGV PALM INDUSTRIES SDN BHD,FGV HOLDINGS BERHAD,Johor,1.83,103.64,1,False
PO1000001311,FGV PALM INDUSTRIES SDN BHD,FGV HOLDINGS BERHAD,Johor,1.94,103.5,1,False
PO1000001313,FGV PALM INDUSTRIES SDN BHD,FGV HOLDINGS BERHAD,Johor,2.41,103.66,1,False
PO1000001314,FGV PALM INDUSTRIES SDN BHD,FGV HOLDINGS BERHAD,Johor,2.08,103.49,1,False
PO1000001315,BARUMUN AGRI SENTOSA,PASIFIK AGRO SENTOSA,Sumatera Utara,1.62,100.1,2,True
PO1000001320,FGV PALM INDUSTRIES SDN BHD,FGV HOLDINGS BERHAD,Pahang,3.65,103.01,1,False
PO1000001342,SUMBER INDAH PERKASA,SINAR MAS,Lampung,-4.13,105.44,2,True
PO1000001343,SUMBER INDAH PERKASA,SINAR MAS,Lampung,-4.22,105.59,2,True
PO1000001344,KRESNA DUTA AGROINDO,SINAR MAS,Jambi,-2.07,102.49,2,True
PO1000001345,KRESNA DUTA AGROINDO,SINAR MAS,Jambi,-2.1,102.37,2,True
PO1000001372,MASKAPAI PERKEBUNAN LEIDONG WEST INDONESIA,SINAR MAS,Bangka Belitung,-1.9,105.48,2,True
PO1000001380,LAGUNA MANDIRI,SIME DARBY,Kalimantan Selatan,-2.38,116.2,2,True
PO1000001381,BHUMIREKSA NUSA SEJATI,SIME DARBY,Riau,0.12,103.55,2,True
PO1000001383,FORESTA LESTARI DWIKARYA,SINAR MAS,Bangka Belitung,-3.03,107.77,2,True
PO1000001394,"THE NATURAL PALM GROUP CO.,LTD",UNKNOWN,Chumphon,10.29,99.09,1,False
PO1000001417,ADEI PLANTATION AND INDUSTRY,KUALA LUMPUR KEPONG (KLK),Riau,0.35,101.97,2,True
PO1000001418,ADEI PLANTATION AND INDUSTRY,KUALA LUMPUR KEPONG (KLK),Riau,0.35,102.09,2,True
PO1000001423,INDUSTRIAL AGRARIA LA PALMA S.A. (INDUPALMA),GRUPO GRASCO,Cesar,7.7,-73.46,1,False
PO1000001431,EXTRACTORA LA FRANCIA / AGROCARIBE,AGROAMERICA,Izabal,15.58,-88.56,1,False
PO1000001488,PRIMA MITRAJAYA MANDIRI,MP EVANS,Kalimantan Timur,-0.3,116.76,2,True
PO1000001529,SIRINGO-RINGO,MUSIM MAS,Sumatera Utara,2.1,99.77,2,True
PO1000001564,PERKEBUNAN NUSANTARA III,PTPN III,Sumatera Utara,2.06,99.96,2,True
PO1000001565,PERKEBUNAN NUSANTARA III,PTPN III,Sumatera Utara,1.79,100.16,2,True
PO1000001566,PERKEBUNAN NUSANTARA III,PTPN III,Sumatera Utara,1.7,100.17,2,True
PO1000001611,BUMI SAWIT PERMAI,SINAR MAS,Sumatera Selatan,-3.53,104.34,2,True
PO1000001612,SAWIT MAS SEJAHTERA,SINAR MAS,Sumatera Selatan,-2.95,104.47,2,True
PO1000001618,GAWI BAHANDEP SAWIT MEKAR,TRIPUTRA AGRO PERSADA,Kalimantan Tengah,-2.95,112.35,2,True
PO1000001619,BRAHMA BINA BAKTI,TRIPUTRA AGRO PERSADA,Jambi,-1.35,103.33,2,True
PO1000001631,DJUANDA SAWIT LESTARI,SINAR MAS,Sumatera Selatan,-2.9,103.18,2,True
PO1000001637,AGRO LESTARI MANDIRI,SINAR MAS,Kalimantan Barat,-1.52,110.46,2,True
PO1000001638,KENCANA GRAHA PERMAI,SINAR MAS,Kalimantan Barat,-2.14,110.52,2,True
PO1000001654,FGV PALM INDUSTRIES SDN BHD,FGV HOLDINGS BERHAD,Sabah,5.13,119.09,1,False
PO1000001655,HARGY OIL PALM LTD,SIPEF,West New Britain,-5.21,151.13,1,False
PO1000001670,UMBUL MAS WISESA,SIPEF,Sumatera Utara,2.21,100.27,2,True
PO1000001677,BENSO OIL PALM PLANTATION LTD,WILMAR GROUP,Western,5.11,-1.91,1,False
PO1000001683,WINDU NABATINDO LESTARI,BUMITAMA GUNAJAYA AGRO (BGA),Kalimantan Tengah,-1.99,113.06,2,True
PO1000001684,KARYA MAKMUR BAHAGIA,BUMITAMA GUNAJAYA AGRO (BGA),Kalimantan Tengah,-1.76,112.6,2,True
PO1000001697,FGV PALM INDUSTRIES SDN BHD,FGV HOLDINGS BERHAD,Sabah,5.23,119.06,1,False
PO1000001698,FGV PALM INDUSTRIES SDN BHD,FGV HOLDINGS BERHAD,Sabah,5.34,119.2,1,False
PO1000001699,FGV PALM INDUSTRIES SDN BHD,FGV HOLDINGS BERHAD,Sabah,5.21,119.01,1,False
PO1000001700,FGV PALM INDUSTRIES SDN BHD,FGV HOLDINGS BERHAD,Sabah,5.29,119.01,1,False
PO1000001701,FGV PALM INDUSTRIES SDN BHD,FGV HOLDINGS BERHAD,Sabah,5.36,119.09,1,False
PO1000001702,FGV PALM INDUSTRIES SDN BHD,FGV HOLDINGS BERHAD,Sabah,4.5,117.65,1,False
PO1000001703,FGV PALM INDUSTRIES SDN BHD,FGV HOLDINGS BERHAD,Sabah,4.37,117.51,1,False
PO1000001722,SATYA KISMA USAHA,SINAR MAS,Jambi,-1.59,102.61,2,True
PO1000001740,GAWI MAKMUR KALIMANTAN,WINGS AGRO,Kalimantan Selatan,-3.82,114.96,2,True
PO1000001761,BUMI PERMAI LESTARI,SINAR MAS,Bangka Belitung,-1.82,105.55,2,True
PO1000001765,KRESNA DUTA AGROINDO,SINAR MAS,Kalimantan Timur,1.11,117.02,2,True
PO1000001774,SOCFIN INDONESIA,SOCFIN,Aceh,4.06,96.26,2,True
PO1000001775,SOCFIN INDONESIA,SOCFIN,Aceh,2.39,97.96,2,True
PO1000001777,SOCFIN INDONESIA,SOCFIN,Aceh,3.97,96.57,2,True
PO1000001784,PERKEBUNAN NUSANTARA III,PTPN III,Sumatera Utara,1.69,100.29,2,True
PO1000001867,SANDIKA NATAPALMA,SIME DARBY,Kalimantan Barat,-2.17,110.67,2,True
PO1000001890,FGV PALM INDUSTRIES SDN BHD,FGV HOLDINGS BERHAD,Selangor,3.59,101.42,1,False
PO1000001891,FGV PALM INDUSTRIES SDN BHD,FGV HOLDINGS BERHAD,Pahang,3.83,103.17,1,False
PO1000001892,FGV PALM INDUSTRIES SDN BHD,FGV HOLDINGS BERHAD,Perak,3.88,101.28,1,False
PO1000001893,FGV PALM INDUSTRIES SDN BHD,FGV HOLDINGS BERHAD,Perak,3.94,101.35,1,False
PO1000001894,FGV PALM INDUSTRIES SDN BHD,FGV HOLDINGS BERHAD,Pahang,2.92,102.87,1,False
PO1000001895,FGV PALM INDUSTRIES SDN BHD,FGV HOLDINGS BERHAD,Pahang,2.93,102.94,1,False
PO1000001896,FGV PALM INDUSTRIES SDN BHD,FGV HOLDINGS BERHAD,Trengganu,4.01,103.29,1,False
PO1000001897,FGV PALM INDUSTRIES SDN BHD,FGV HOLDINGS BERHAD,Pahang,3.65,101.98,1,False
PO1000001898,FGV PALM INDUSTRIES SDN BHD,FGV HOLDINGS BERHAD,Pahang,3.53,101.98,1,False
PO1000001899,FGV PALM INDUSTRIES SDN BHD,FGV HOLDINGS BERHAD,Negeri Sembilan,2.9,102.45,1,False
PO1000001901,FGV PALM INDUSTRIES SDN BHD,FGV HOLDINGS BERHAD,Trengganu,4.92,103.14,1,False
PO1000001902,FGV PALM INDUSTRIES SDN BHD,FGV HOLDINGS BERHAD,Trengganu,4.93,103.18,1,False
PO1000001903,FGV PALM INDUSTRIES SDN BHD,FGV HOLDINGS BERHAD,Pahang,2.65,103.02,1,False
PO1000001904,FGV PALM INDUSTRIES SDN BHD,FGV HOLDINGS BERHAD,Pahang,2.64,103.0,1,False
PO1000001905,FGV PALM INDUSTRIES SDN BHD,FGV HOLDINGS BERHAD,Pahang,2.7,103.44,1,False
PO1000001906,FGV PALM INDUSTRIES SDN BHD,FGV HOLDINGS BERHAD,Trengganu,5.45,102.78,1,False
PO1000001907,FGV PALM INDUSTRIES SDN BHD,FGV HOLDINGS BERHAD,Trengganu,4.63,103.33,1,False
PO1000001920,TAPIAN NADENGGAN,SINAR MAS,Kalimantan Timur,0.95,116.92,2,True
PO1000001960,RIMBA MUJUR MAHKOTA,PASIFIK AGRO SENTOSA,Sumatera Utara,0.67,99.09,2,True
PO1000001968,KUALA LUMPUR KEPONG BHD,KUALA LUMPUR KEPONG (KLK),Kelantan,5.62,102.24,1,False
PO1000001992,AUSTINDO NUSANTARA JAYA AGRI SIAIS,ANJ GROUP,Sumatera Utara,1.17,99.16,2,True
PO1000002037,DHARMA SATYA NUSANTARA,DHARMA SATYA NUSANTARA (DSN),Kalimantan Tengah,-1.97,111.35,2,True
PO1000002063,RIGUNAS AGRI UTAMA,ROYAL GOLDEN EAGLE,Riau,-0.58,102.02,2,True
PO1000002070,TIAN SIANG OILL MILL SDN BHD,TIAN SIANG HOLDINGS SDN BHD,Sabah,5.4,117.88,1,False
PO1000002088,DHARMA SATYA NUSANTARA,DHARMA SATYA NUSANTARA (DSN),Kalimantan Timur,1.15,116.75,2,True
PO1000002103,GAWI MAKMUR KALIMANTAN,WINGS AGRO,Kalimantan Selatan,-3.74,115.46,2,True
PO1000002130,AGRONUSA INVESTAMA,WILMAR GROUP,Kalimantan Barat,1.35,109.51,2,True
PO1000002133,GERSINDO MINANG PLANTATION,WILMAR GROUP,Sumatera Barat,0.12,99.72,2,True
PO1000002136,HAP SENG PLANTATIONS (RIVER ESTATES) SDN BHD,HAP SENG PLANTATIONS HOLDINGS BERHAD,Sabah,5.43,118.66,1,False
PO1000002142,TUNGGAL YUNUS ESTATE,ROYAL GOLDEN EAGLE,Riau,0.69,100.94,2,True
PO1000002143,DASA ANUGERAH SEJATI,ROYAL GOLDEN EAGLE,Jambi,-1.18,103.01,2,True
PO1000002144,SUPRA MATRA ABADI,ROYAL GOLDEN EAGLE,Sumatera Utara,3.15,99.56,2,True
PO1000002145,SUPRA MATRA ABADI,ROYAL GOLDEN EAGLE,Sumatera Utara,2.0,99.94,2,True
PO1000002146,SUPRA MATRA ABADI,ROYAL GOLDEN EAGLE,Sumatera Utara,2.0,100.24,2,True
PO1000002147,INTI INDOSAWIT SUBUR,ROYAL GOLDEN EAGLE,Sumatera Utara,2.36,100.04,2,True
PO1000002158,SALIM IVOMAS PRATAMA,SALIM GROUP,Riau,1.75,100.59,2,True
PO1000002159,GUNUNG MAS RAYA,SALIM GROUP,Riau,1.59,100.68,2,True
PO1000002188,SAVONNERIE TROPICALE,UNKNOWN,Toamasina,-18.23,49.29,1,False
PO1000002198,BINASAWIT ABADI PRATAMA,SINAR MAS,Kalimantan Tengah,-2.42,112.36,2,True
PO1000002218,PERUSAHAAN PERKEBUNAN LONDON SUMATRA INDONESIA,LONSUM,Sumatera Selatan,-2.62,103.15,2,True
PO1000002219,PERUSAHAAN PERKEBUNAN LONDON SUMATRA INDONESIA,LONSUM,Sumatera Utara,3.46,98.82,2,True
PO1000002226,PERUSAHAAN PERKEBUNAN LONDON SUMATRA INDONESIA,LONSUM,Sumatera Utara,2.7,99.57,2,True
PO1000002227,PERUSAHAAN PERKEBUNAN LONDON SUMATRA INDONESIA,LONSUM,Sumatera Utara,3.16,99.43,2,True
PO1000002304,SAWIT SUMBERMAS SARANA,CITRA BORNEO INDAH (CBI),Kalimantan Tengah,-2.31,111.61,2,True
PO1000002320,SINAR MAS AGRO RESOURCES AND TECHNOLOGY,SINAR MAS,Kalimantan Selatan,-2.94,116.05,2,True
PO1000002335,PERKEBUNAN NUSANTARA IV,PTPN III,Sumatera Utara,2.7,99.62,2,True
PO1000002356,GUNTUNG IDAMAN NUSA,MUSIM MAS,Riau,0.16,103.29,2,True
PO1000002358,GOPDC,SIAT,Eastern,6.26,-0.94,1,False
PO1000002360,INDO SAWIT KEKAL,CARGILL,Kalimantan Barat,-2.51,110.91,2,True
PO1000002366,SIPEFCI,SIPEF,Bas-Sassandra,5.67,-6.27,1,False
PO1000002367,PERUSAHAAN PERKEBUNAN LONDON SUMATRA INDONESIA,LONSUM,Sumatera Utara,3.48,98.27,2,True
PO1000002415,"THAI TALLOW AND OIL CO, LTD",UNKNOWN,Surat Thani,8.53,99.1,1,False
PO1000002439,GENTING PLANTATIONS BERHAD,GENTING PLANTATIONS,Johor,1.86,103.21,1,False
PO1000002459,ACEITES Y DERIVADOS S.A.,UNKNOWN,Colón,15.82,-85.9,1,False
PO1000002490,"SRIJAROEN PALM OIL CO.,LTD",UNKNOWN,Krabi,8.29,99.06,1,False
PO1000002491,INTI INDOSAWIT SUBUR,ROYAL GOLDEN EAGLE,Riau,-0.28,102.12,2,True
PO1000002520,PERKEBUNAN NUSANTARA IV,PTPN III,Sumatera Utara,3.29,99.11,2,True
PO1000002539,PERKEBUNAN NUSANTARA IV,PTPN III,Sumatera Utara,3.12,99.16,2,True
PO1000002543,TIAN SIANG OILL MILL (AIR KUNING) SDN BHD,TIAN SIANG HOLDINGS SDN BHD,Perak,4.16,101.16,1,False
PO1000002607,INTI INDOSAWIT SUBUR,ROYAL GOLDEN EAGLE,Sumatera Utara,2.13,100.01,2,True
PO1000002608,GUNUNG MELAYU,ROYAL GOLDEN EAGLE,Sumatera Utara,2.75,99.47,2,True
PO1000002609,SAUDARA SEJATI LUHUR,ROYAL GOLDEN EAGLE,Sumatera Utara,2.79,99.6,2,True
PO1000002631,ARINDO TRISEJAHTERA,FIRST RESOURCES,Riau,0.58,100.93,2,True
PO1000002637,MERIDAN SEJATISURYA PLANTATION,FIRST RESOURCES,Riau,0.54,101.73,2,True
PO1000002651,IDRIPLANT,SALIM GROUP,Riau,-0.68,101.91,2,True
PO1000002653,SERIKAT PUTRA,SALIM GROUP,Riau,0.13,102.13,2,True
PO1000002676,AGRO INDOMAS,GOODHOPE,Kalimantan Tengah,-2.52,112.42,2,True
PO1000002677,AGRO INDOMAS,GOODHOPE,Kalimantan Tengah,-2.56,112.37,2,True
PO1000002706,BOUSTEAD GRADIENT SDN BHD,BOUSTEAD PLANTATIONS BERHAD,Sabah,5.9,117.85,1,False
PO1000002746,COMPAÑÍA INDUSTRIAL ACEITERA COTO 54 S.A.,GRUPO NUMAR,Puntarenas,8.63,-83.0,1,False
PO1000002766,COMPAÑÍA INDUSTRIAL ACEITERA COTO 54 S.A.,GRUPO NUMAR,Puntarenas,9.53,-84.28,1,False
PO1000002767,COMPAÑÍA INDUSTRIAL ACEITERA COTO 54 S.A.,GRUPO NUMAR,Puntarenas,9.41,-84.09,1,False
PO1000002779,OLAM INTERNATIONAL LTD,UNKNOWN,Estuaire,-0.02,10.2,1,False
PO1000002799,KWANTAS OIL SDN BHD,KWANTAS CORPORATION BERHAD,Sabah,5.21,118.06,1,False
PO1000002813,"TRANG PALM OIL  CO.,LTD",UNKNOWN,Trang,7.56,99.44,1,False
PO1000002872,NATURACEITES S.A.,NATURACEITES S.A.,Izabal,15.34,-89.29,1,False
PO1000002895,STEELINDO WAHANA PERKASA,KUALA LUMPUR KEPONG (KLK),Bangka Belitung,-2.72,108.06,2,True
PO1000002913,RIGUNAS AGRI UTAMA,ROYAL GOLDEN EAGLE,Jambi,-1.35,102.46,2,True
PO1000002917,TWIFO OIL PALM PLANTATIONS LTD,UNILEVER GHANA/ GOVERNMENT,Central,5.54,-1.54,1,False
PO1000002998,FGV PALM INDUSTRIES SDN BHD,FGV HOLDINGS BERHAD,Kelantan,5.87,102.01,1,False
PO1000003004,HARI SAWIT JAYA,ROYAL GOLDEN EAGLE,Sumatera Utara,2.36,100.04,2,True
PO1000003031,PALMERAS DE LA COSTA S.A.,UNKNOWN,Cesar,10.1,-74.01,1,False
PO1000003038,CHUMPORN PALM OIL INDUSTRY PUBLIC COMPANY LTD,UNKNOWN,Chumphon,10.84,99.22,1,False
PO1000003045,FGV PALM INDUSTRIES SDN BHD,FGV HOLDINGS BERHAD,Kelantan,4.94,102.36,1,False
PO1000003100,JEROCO PLANTATIONS SDN BHD,HAP SENG PLANTATIONS HOLDINGS BERHAD,Sabah,5.43,118.42,1,False
PO1000003112,PERKEBUNAN NUSANTARA III,PTPN III,Sumatera Utara,1.96,100.11,2,True
PO1000003116,COMPAÑÍA AGRICOLA INDUSTRIAL CEIBEÑA S.A.  (CAICESA),GRUPO JAREMAR,Atlántida,15.69,-87.07,1,False
PO1000003117,AGRICOLA TORNABE SA DE CV (AGROTOR),GRUPO JAREMAR,Atlántida,15.73,-87.59,1,False
PO1000003120,SAWIT SUMBERMAS SARANA,CITRA BORNEO INDAH (CBI),Kalimantan Tengah,-2.42,111.55,2,True
PO1000003150,MENTAYA SAWIT MAS,WILMAR GROUP,Kalimantan Tengah,-2.16,112.57,2,True
PO1000003177,EXTRACTORA DEL SUR DE CASANARE S.A.S.,PALMAR DEL ORIENTE / ALIANZA TEAM,Casanare,4.49,-72.84,1,False
PO1000003196,PONTIAN UNITED PLANTATIONS BHD,FGV HOLDINGS BERHAD,Sabah,5.42,118.15,1,False
PO1000003210,PERKEBUNAN NUSANTARA IV,PTPN III,Sumatera Utara,3.14,99.37,2,True
PO1000003254,HINDOLI,CARGILL,Sumatera Selatan,-2.44,104.42,2,True
PO1000003257,MITRA MENDAWAI SEJATI,CITRA BORNEO INDAH (CBI),Kalimantan Tengah,-2.27,111.72,2,True
PO1000003258,KALIMANTAN SAWIT ABADI,CITRA BORNEO INDAH (CBI),Kalimantan Tengah,-2.6,111.67,2,True
PO1000003262,FGV PALM INDUSTRIES SDN BHD,FGV HOLDINGS BERHAD,Pahang,4.11,101.8,1,False
PO1000003324,GRUPO OLEOFLORES,OLEOFLORES,Cesar,10.1,-73.24,1,False
PO1000003333,AGRO BUKIT,GOODHOPE,Kalimantan Tengah,-2.56,112.77,2,True
PO1000003359,FGV PALM INDUSTRIES SDN BHD,FGV HOLDINGS BERHAD,Johor,2.29,103.0,1,False
PO1000003414,FGV PALM INDUSTRIES SDN BHD,FGV HOLDINGS BERHAD,Johor,1.67,104.03,1,False
PO1000003486,RIMBA HARAPAN SAKTI,WILMAR GROUP,Kalimantan Tengah,-2.84,112.57,2,True
PO1000003491,GUNAJAYA KARYA GEMILANG,BUMITAMA GUNAJAYA AGRO (BGA),Kalimantan Barat,-2.45,110.27,2,True
PO1000003496,SYARIKAT KRETAM MILL SDN BHD,KRETAM HOLDINGS BERHAD,Sabah,5.66,117.84,1,False
PO1000003497,MITRA ANEKA REZEKI,PASIFIK AGRO SENTOSA,Sumatera Selatan,-2.72,104.36,2,True
PO1000003666,PITAK PALM OIL CO.,UNKNOWN,Trang,7.74,99.31,1,False
PO1000003712,ACE OIL MILL SDN BHD,ACE AGRICULTURAL SDN BHD,Pahang,2.91,102.78,1,False
PO1000003713,ACHI JAYA PLANTATIONS SDN BHD,ACHI JAYA PLANTATIONS SDN BHD,Johor,2.25,103.05,1,False
PO1000003714,ALAMBUMI PALM OIL MILL SDN BHD,ALTO SDN BHD,Sarawak,3.59,113.67,1,False
PO1000003715,ARAH KAWASAN SDN BHD,ARAH KAWASAN SDN BHD,Kedah,5.28,100.69,1,False
PO1000003716,AWAN TIMUR PALM OIL MILL RESOURCES (PERAK) SDN BHD,AWAN TIMUR GROUP,Perak,4.53,100.73,1,False
PO1000003717,BALUNG PALM OIL MILL SDN BHD,MALAYSIAN KUWAIT INVESTMENT CO. SDN BHD,Sabah,4.38,118.19,1,False
PO1000003718,BAN DUNG PALM OIL INDUSTRIES SDN BHD,BAN DUNG PALM OIL INDUSTRIES SDN BHD,Johor,2.05,102.88,1,False
PO1000003719,BBC PALM OIL MILL SDN BHD,BBC HOLDINGS (SARAWAK) SDN BHD,Sarawak,3.06,113.07,1,False
PO1000003720,BEAUFORT PALM OIL MILL SDN BHD,NGIN KONG GROUP,Sabah,5.31,115.7,1,False
PO1000003721,SYARIKAT PERUSAHAAN KELAPA SAWIT SDN BHD,BELL GROUP,Johor,2.17,103.06,1,False
PO1000003723,UNITED PLANTATIONS BHD,UNITED PLANTATIONS,Selangor,3.79,101.35,1,False
PO1000003724,BELL PALM INDUSTRIES SDN BHD,BELL GROUP,Johor,1.92,102.89,1,False
PO1000003725,BORNEO AGRO-RESOURCES SDN BHD,BORNEO AGRO-RESOURCES SDN BHD,Sarawak,3.28,113.43,1,False
PO1000003726,SAWIT KINABALU SDN BHD,SAWIT KINABALU SDN BHD,Sabah,4.37,118.1,1,False
PO1000003727,SAWIT KINABALU SDN BHD,SAWIT KINABALU SDN BHD,Sabah,4.76,118.14,1,False
PO1000003728,SAWIT KINABALU SDN BHD,SAWIT KINABALU SDN BHD,Sabah,6.57,116.71,1,False
PO1000003729,SAWIT KINABALU SDN BHD,SAWIT KINABALU SDN BHD,Sabah,5.26,115.66,1,False
PO1000003731,SAWIT KINABALU SDN BHD,SAWIT KINABALU SDN BHD,Sabah,4.36,117.36,1,False
PO1000003733,SAWIT KINABALU SDN BHD,SAWIT KINABALU SDN BHD,Sabah,4.99,118.56,1,False
PO1000003734,BOUSTEAD EMASTULIN SDN BHD,BOUSTEAD PLANTATIONS BERHAD,Sabah,4.48,118.4,1,False
PO1000003735,BOUSTEAD PELITA KANOWIT OIL MILL SDN BHD,BOUSTEAD PLANTATIONS BERHAD,Sarawak,2.16,112.1,1,False
PO1000003736,BOUSTEAD RIMBA NILAI SDN BHD,BOUSTEAD PLANTATIONS BERHAD,Sabah,6.26,117.31,1,False
PO1000003737,BOUSTEAD RIMBA NILAI SDN BHD,BOUSTEAD PLANTATIONS BERHAD,Sabah,5.21,117.81,1,False
PO1000003738,BOUSTEAD TELOK SENGAT SDN BHD,BOUSTEAD PLANTATIONS BERHAD,Johor,1.57,104.04,1,False
PO1000003739,KILANG KELAPA SAWIT SELUMPUR SDN BHD,KILANG KELAPA SAWIT SELUMPUR SDN BHD,Johor,2.67,102.81,1,False
PO1000003740,CENTRAL PALM OIL MILL SDN BHD,CAM RESOURCES BERHAD,Perak,4.89,100.67,1,False
PO1000003741,IJM EDIBLE OILS SDN BHD,IJM PLANTATIONS BERHAD,Sabah,6.23,117.53,1,False
PO1000003742,CEPATWAWASAN GROUP BHD,MHC PLANTATIONS BHD,Sabah,5.72,117.83,1,False
PO1000003743,CLASSIC PALM OIL MILL SDN BHD,CLASSIC PALM OIL MILL SDN BHD,Negeri Sembilan,2.6,102.62,1,False
PO1000003745,DOMINION SQUARE SDN BHD,LKPP CORPORATION SDN BHD,Pahang,3.62,103.16,1,False
PO1000003746,DUPONT & LEOSK ENTERPRISES SDN BHD,DUPONT & LEOSK ENTERPRISES,Negeri Sembilan,2.58,102.42,1,False
PO1000003747,ENG THYE PLANTATIONS BHD,NEGRI SEMBILAN OIL PALMS BOARD,Perak,4.95,100.47,1,False
PO1000003749,RISDA ESTATES SDN BHD,RISDA ESTATES SDN BHD,Johor,2.19,103.88,1,False
PO1000003750,RISDA ESTATES SDN BHD,RISDA ESTATES SDN BHD,Pahang,2.74,102.91,1,False
PO1000003751,EVER YIELD TRADING SDN BHD,BOUSTEAD PLANTATIONS BERHAD,Sabah,5.65,117.33,1,False
PO1000003752,KILANG SAWIRA MAKMUR SDN BHD,FAR EAST HOLDINGS BERHAD,Pahang,2.97,103.09,1,False
PO1000003753,FELCRA PROCESSING & ENGINEERING SDN BHD,FELCRA BERHAD,Johor,2.39,102.88,1,False
PO1000003754,FELCRA PROCESSING & ENGINEERING SDN BHD,FELCRA BERHAD,Pahang,3.57,102.69,1,False
PO1000003755,FELCRA PROCESSING & ENGINEERING SDN BHD,FELCRA BERHAD,Perak,4.32,100.94,1,False
PO1000003756,FELCRA PROCESSING & ENGINEERING SDN BHD,FELCRA BERHAD,Perak,4.15,100.84,1,False
PO1000003757,FELCRA PROCESSING & ENGINEERING SDN BHD,FELCRA BERHAD,Johor,2.39,103.8,1,False
PO1000003758,FELCRA PROCESSING & ENGINEERING SDN BHD,FELCRA BERHAD,Perak,4.0,101.17,1,False
PO1000003759,FELCRA JAYA SAMARAHAN SDN BHD,FELCRA BERHAD,Sarawak,1.39,110.46,1,False
PO1000003760,FGV PALM INDUSTRIES SDN BHD,FGV HOLDINGS BERHAD,Pahang,3.37,102.93,1,False
PO1000003761,FGV PALM INDUSTRIES SDN BHD,FGV HOLDINGS BERHAD,Sabah,5.35,119.14,1,False
PO1000003766,FGV PALM INDUSTRIES SDN BHD,FGV HOLDINGS BERHAD,Sarawak,1.62,109.95,1,False
PO1000003767,FGV PALM INDUSTRIES SDN BHD,FGV HOLDINGS BERHAD,Johor,2.05,103.93,1,False
PO1000003769,FGV PALM INDUSTRIES SDN BHD,FGV HOLDINGS BERHAD,Johor,2.08,104.01,1,False
PO1000003770,FOONG LEE SAWI MINYAK SDN BHD,FOONG LEE SAWI MINYAK SDN BHD,Perak,4.92,101.11,1,False
PO1000003771,GABUNGAN PERUSAHAAN MINYAK LANGKAP SDN BHD,JOHAWAKI PLANTATION SDN BHD,Perak,4.06,101.14,1,False
PO1000003776,GENTING SDC SDN BHD,GENTING PLANTATIONS,Sabah,5.38,116.93,1,False
PO1000003777,GENTING SDC SDN BHD,GENTING PLANTATIONS,Sabah,6.65,117.45,1,False
PO1000003778,GENTING SDC SDN BHD,GENTING PLANTATIONS,Sabah,5.52,117.71,1,False
PO1000003781,GLOBAL ENTERPRISE OIL MILL SDN BHD,GLOBAL ENTERPRISE OIL MILL SDN BHD,Sabah,5.49,117.99,1,False
PO1000003782,PARAMITRA INTERNUSA PRATAMA,SINAR MAS,Kalimantan Barat,0.49,111.85,2,True
PO1000003783,PERSADA GRAHA MANDIRI,SINAR MAS,Kalimantan Barat,0.4,111.73,1,True
PO1000003784,GOLDEN ELATE OIL MILL SDN BHD,BORNEO PACIFIC (HOLDINGS) SDN BHD,Sabah,5.14,118.84,1,False
PO1000003785,HAVYS OIL MILL SDN BHD,HAVYS OIL MILL SDN BHD,Pahang,2.89,102.66,1,False
PO1000003787,HOK HUAT OIL MILL SDN BHD,HOK HUAT GROUP SDN BHD,Johor,2.06,103.36,1,False
PO1000003789,IJM EDIBLE OILS SDN BHD,IJM PLANTATIONS BERHAD,Sabah,5.71,117.54,1,False
PO1000003790,IJM EDIBLE OILS SDN BHD,IJM PLANTATIONS BERHAD,Sabah,5.82,117.87,1,False
PO1000003792,IJM EDIBLE OILS SDN BHD,IJM PLANTATIONS BERHAD,Sabah,6.35,117.48,1,False
PO1000003793,INNOPRISE PLANTATIONS BHD,YAYASAN SABAH GROUP,Sabah,4.79,117.35,1,False
PO1000003795,SAWIT KINABALU SDN BHD,SAWIT KINABALU SDN BHD,Sabah,5.63,118.12,1,False
PO1000003796,IOI CORPORATION BHD,IOI CORPORATION,Sabah,5.15,118.22,1,False
PO1000003797,IOI CORPORATION BHD,IOI CORPORATION,Sabah,5.41,118.53,1,False
PO1000003798,JT OIL DEVELOPMENT SDN BHD,JAYA TIASA HOLDINGS BERHAD,Sarawak,2.39,111.35,1,False
PO1000003799,MAUJAYA SDN BHD,JAYA TIASA HOLDINGS BERHAD,Sarawak,2.44,111.52,1,False
PO1000003800,MAXIWEALTH HOLDINGS SDN BHD,JAYA TIASA HOLDINGS BERHAD,Sarawak,2.52,111.64,1,False
PO1000003801,PALMGROUP PALM OIL MILL SDN BHD,MAFRICA CORPORATION SDN BHD / PALMGROUP HOLDINGS SDN BHD,Sarawak,2.82,112.63,1,False
PO1000003803,SANKINA OIL MILLS SDN BHD,JC CHANG (PTE) LTD,Sabah,5.06,118.81,1,False
PO1000003804,JENG HUAT (BAHAU) REALTY SDN BHD,JENG HUAT (BAHAU) REALTY SDN BHD,Pahang,3.1,102.46,1,False
PO1000003805,KAHANG PALM OIL MILL SDN BHD,JENG HUAT (BAHAU) REALTY SDN BHD,Johor,2.34,103.44,1,False
PO1000003806,ASIAN PLANTATIONS MILLING SDN BHD,FGV HOLDINGS BERHAD,Sarawak,3.59,114.23,1,False
PO1000003809,KESEDAR PERKILANGAN SDN BHD,KESEDAR,Kelantan,5.0,102.27,1,False
PO1000003811,KIAN HOE PLANTATIONS BHD,KIAN HOE PLANTATIONS BHD,Johor,2.02,103.27,1,False
PO1000003812,HOK HUAT OIL MILL SDN BHD,HOK HUAT GROUP SDN BHD,Johor,2.09,102.7,1,False
PO1000003813,KILANG KELAPA SAWIT FORTUNA SDN BHD,FORTUNA GROUP,Sabah,6.05,117.22,1,False
PO1000003814,SIANG,UNKNOWN,Johor,1.63,104.22,1,False
PO1000003815,KILANG KELAPA SAWIT LEKIR SDN BHD,JOHAWAKI PLANTATION SDN BHD,Perak,4.15,100.78,1,False
PO1000003816,FELCRA BHD,FELCRA BERHAD,Perak,5.18,100.72,1,False
PO1000003817,KILANG MINYAK SAWIT KAMUNTING SDN BHD,NGAN & NGAN HOLDINGS SDN BHD,Perak,4.92,100.72,1,False
PO1000003818,KILANG MINYAK SAWIT TG TUALANG (1997) SDN BHD,KILANG MINYAK SAWIT TG TUALANG (1997) SDN BHD,Perak,4.31,101.04,1,False
PO1000003819,KILANG SAWIT BELL SDN BHD,BELL GROUP,Sabah,5.2,118.08,1,False
PO1000003820,KILANG SAWIT LEMBING SDN BHD,YUWANG GROUP,Pahang,3.89,103.1,1,False
PO1000003821,KILANG SAWIT MUAR BHD,KILANG SAWIT MUAR BHD,Johor,2.01,102.68,1,False
PO1000003822,KILANG SAWIT PANJI ALAM SDN BHD,KETENGAH HOLDINGS SDN BHD,Trengganu,4.37,103.35,1,False
PO1000003823,KILANG SAWIT UNITED BELL SDN BHD,BELL GROUP,Johor,1.57,103.47,1,False
PO1000003824,DESA KIM LOONG PALM OIL SDN BHD,KIM LOONG RESOURCES BERHAD,Sabah,5.13,116.27,1,False
PO1000003825,KIM LOONG PALM OIL MILLS SDN BHD,KIM LOONG RESOURCES BERHAD,Johor,1.81,103.96,1,False
PO1000003826,KIM LOONG SABAH MILLS SDN BHD,KIM LOONG RESOURCES BERHAD,Sabah,5.47,116.99,1,False
PO1000003827,KILANG KELAPA SAWIT PINANGAH SDN BHD,N.Y. HIEW (HOLDINGS) SDN BHD,Sabah,4.49,118.44,1,False
PO1000003828,ABEDON OIL MILL SDN. BHD,KRETAM HOLDINGS BERHAD,Sabah,5.31,117.97,1,False
PO1000003830,KUALA LUMPUR KEPONG BHD,KUALA LUMPUR KEPONG (KLK),Johor,2.21,103.21,1,False
PO1000003831,KUANTAN TRADING OIL MILL SDN BHD,KUANTAN TRADING OIL MILL SDN BHD,Pahang,2.73,102.94,1,False
PO1000003833,LADANG RAKYAT TERENGGANU SDN BHD,LADANG RAKYAT TERENGGANU SDN BHD,Trengganu,4.14,103.22,1,False
PO1000003834,LADANG TAI TAK (KOTA TINGGI) SDN BHD,LADANG TAI TAK (KOTA TINGGI) SDN BHD,Johor,1.69,103.86,1,False
PO1000003835,LAM SOON PLANTATIONS SDN BHD,LAM SOON (M) BERHAD,Sabah,5.25,118.18,1,False
PO1000003836,LENGA PALMOIL INDUSTRIES SDN BHD,LENGA PALMOIL INDUSTRIES SDN BHD,Johor,2.23,102.57,1,False
PO1000003838,LADANG MILLS SDN BHD,LFK GROUP,Sabah,5.62,117.65,1,False
PO1000003839,LIZIZ PLANTATION SDN BHD,LIZIZ PLANTATION SDN BHD,Kelantan,4.87,101.81,1,False
PO1000003840,LKPP CORPORATION SDN BHD,LKPP CORPORATION SDN BHD,Pahang,3.59,103.08,1,False
PO1000003841,SUKAU PALM OIL MILL SDN BHD,MALBUMI GROUP,Sabah,5.57,118.21,1,False
PO1000003842,MALMAJU BINA SDN BHD,MALMAJU BINA SDN BHD,Perak,5.17,100.67,1,False
PO1000003843,MALPOM INDUSTRIES BHD,MALPOM INDUSTRIES BHD,Pulau Pinang,5.21,100.48,1,False
PO1000003844,MALSA CORPORATION SDN BHD,MALSA CORPORATION SDN BHD,Sabah,5.78,117.66,1,False
PO1000003845,AUMKAR PLANTATIONS SDN BHD,MANILAL & SONS (MALAYA) SDN BHD,Sabah,4.75,117.87,1,False
PO1000003846,NAM BEE COMPANY SDN BHD,MELAKA TONG BEE SDN BHD,Negeri Sembilan,2.5,102.49,1,False
PO1000003849,MINSAWI INDUSTRIES (KUALA KANGSAR) SDN BHD,MINSAWI INDUSTRIES (KUALA KANGSAR) SDN BHD,Perak,4.9,100.91,1,False
PO1000003850,MJM (PALM OIL MILL) SDN BHD,PUI GROUPS,Sarawak,3.96,113.79,1,False
PO1000003851,TANAH EMAS OIL PALM PROCESSING SDN BHD,GOLDEN LAND BERHAD,Sabah,5.65,117.29,1,False
PO1000003853,TEMERLOH MILL SDN BHD,NGAN & NGAN HOLDINGS SDN BHD,Perak,4.65,100.69,1,False
PO1000003854,PITAS PALM OIL MILL SDN BHD,NGIN KONG GROUP,Sabah,6.68,116.96,1,False
PO1000003855,BERKAT SETIA SDN BHD,NPC RESOURCES BERHAD,Sabah,5.71,117.62,1,False
PO1000003856,SUNGAI RUKU OIL PALM PLANTATION SDN BHD,BUDAYA POTENSI SDN BHD,Sabah,5.56,117.9,1,False
PO1000003857,PANTAI REMIS PALM OIL MILL SDN BHD,PANTAI REMIS PALM OIL MILL SDN BHD,Perak,4.37,100.7,1,False
PO1000003858,PEMBANGUNAN LADANG HASSAN SDN BHD,PEMBANGUNAN LADANG HASSAN SDN BHD,Sabah,5.78,117.7,1,False
PO1000003859,PERAK AGRO MILLS SDN BHD,PERAK AGRO OIL FARM SDN BHD,Perak,4.24,100.97,1,False
PO1000003860,PERAK MOTOR COMPANY SDN BHD,PERAK MOTOR COMPANY SDN BHD,Perak,3.96,101.18,1,False
PO1000003861,PERTUBUHAN PELADANG NEGERI JOHOR (PPNJ),PERTUBUHAN PELADANG NEGERI JOHOR (PPNJ),Johor,2.8,102.76,1,False
PO1000003862,PERTUBUHAN PELADANG NEGERI JOHOR (PPNJ),PERTUBUHAN PELADANG NEGERI JOHOR (PPNJ),Johor,2.17,103.48,1,False
PO1000003863,PERUSAHAAN MINYAK SAWIT BINTANG SDN BHD,BELL GROUP,Johor,2.16,103.12,1,False
PO1000003864,PINEHILL PLANTATIONS (MALAYSIA) SDN BHD,PINEHILL PACIFIC BERHAD,Perak,3.97,101.1,1,False
PO1000003866,SUBURMAS PLANTATIONS SDN BHD,WILMAR GROUP,Sarawak,3.53,113.36,1,False
PO1000003868,CHEEKAH-KEMAYAN PLANTATIONS SDN BHD,PROSPER GROUP,Pahang,3.15,102.48,1,False
PO1000003869,ENDAU PALM OIL MILL SDN BHD,FAR EAST HOLDINGS BERHAD,Pahang,2.68,103.51,1,False
PO1000003871,KILANG KOSFARM SDN BHD,FAR EAST HOLDINGS BERHAD,Pahang,2.99,102.82,1,False
PO1000003872,PROSPER PALM OIL MILL SDN BHD,FAR EAST HOLDINGS BERHAD,Negeri Sembilan,2.89,102.52,1,False
PO1000003873,ROMPIN PALM OIL MILL SDN BHD,FAR EAST HOLDINGS BERHAD,Pahang,3.08,103.17,1,False
PO1000003874,WUJUD WAWASAN SDN BHD,FAR EAST HOLDINGS BERHAD,Pahang,3.03,102.84,1,False
PO1000003875,PSS OIL MILL SDN BHD,PALMHEAD HOLDINGS,Sarawak,3.4,113.29,1,False
PO1000003876,QL PLANTATION SDN BHD,QL RESOURCES,Sabah,4.48,118.2,1,False
PO1000003877,SRI GANDA OIL MILL SDN BHD,RADIANT RESPONSE SDN BHD / SRI GANDA OIL MILL SDN BHD,Perak,3.91,101.2,1,False
PO1000003878,RAKYAT KETENGAH PERWIRA SDN BHD,KETENGAH HOLDINGS SDN BHD,Trengganu,4.12,103.2,1,False
PO1000003879,PALM DISCOVERY SDN BHD,DUPONT & LEOSK ENTERPRISES,Johor,1.8,103.62,1,False
PO1000003880,REGIONAL HARVEST SDN BHD,YAYASAN SABAH GROUP,Sabah,4.53,117.71,1,False
PO1000003881,RH BALINGIAN,RIMBUNAN HIJAU GROUP,Sarawak,2.87,112.45,1,False
PO1000003882,R.H. PLANTATIONS SDN BHD,RIMBUNAN SAWIT BERHAD,Sarawak,3.78,114.1,1,False
PO1000003883,RH SELANGAU PALM OIL MILL SDN BHD,RIMBUNAN HIJAU GROUP,Sarawak,2.58,112.33,1,False
PO1000003884,SACHIEW PLANTATIONS SDN BHD,YUWANG GROUP,Sarawak,3.76,113.7,1,False
PO1000003886,BAU PALM OIL MILL SDN BHD,SARAWAK LAND CONSOLIDATION AND REHABILITATION AUTHORITY (SALCRA),Sarawak,1.49,109.99,1,False
PO1000003887,SERIAN PALM OIL MILL SDN BHD,SARAWAK LAND CONSOLIDATION AND REHABILITATION AUTHORITY (SALCRA),Sarawak,0.96,110.62,1,False
PO1000003888,SUNGEI KAHANG PALM OIL SDN BHD,SAYONG PLANTATION SDN BHD,Johor,2.23,103.53,1,False
PO1000003889,SARAWAK OIL PALMS BHD,SARAWAK OIL PALMS BERHAD,Sarawak,3.61,113.66,1,False
PO1000003890,SEONG THYE PLANTATIONS SDN BHD,SEONG THYE PLANTATIONS SDN BHD,Johor,2.31,103.53,1,False
PO1000003891,SETIA KAWAN KILANG KELAPA SAWIT SDN BHD,SETIA KAWAN KILANG KELAPA SAWIT SDN BHD,Kedah,5.44,100.63,1,False
PO1000003892,SOLID ORIENT HOLDINGS SDN BHD,SOLID ORIENT HOLDINGS SDN BHD,Kedah,5.57,100.7,1,False
PO1000003893,SOLID OIL PALM PLANTATION SDN BHD,SOLID ORIENT HOLDINGS SDN BHD,Sarawak,3.74,113.59,1,False
PO1000003894,CHELLAM PLANTATIONS (SABAH) SDN BHD,CHELLAM PLANTATIONS,Sabah,5.33,116.36,1,False
PO1000003895,SOUTHERN KERATONG PLANTATIONS SDN BHD,SOUTHERN KERATONG PLANTATIONS SDN BHD,Pahang,3.08,102.77,1,False
PO1000003896,SOUTHERN PERAK PLANTATIONS SDN BHD,SOUTHERN GROUP,Perak,3.81,101.03,1,False
PO1000003897,SARAWAK PLANTATION AGRICULTURE DEVELOPMENT (SPAD) SDN BHD,SARAWAK PLANTATION BERHAD,Sarawak,2.65,112.33,1,False
PO1000003898,SARAWAK PLANTATION AGRICULTURE DEVELOPMENT (SPAD) SDN BHD,SARAWAK PLANTATION BERHAD,Sarawak,3.87,113.86,1,False
PO1000003899,TANAH MAKMUR BHD,IKHASAS GROUP / TANAH MAKMUR BERHAD,Pahang,3.35,103.13,1,False
PO1000003900,ST PALM OIL MILL SDN BHD,SERN LEE ENTERPRISE SDN BHD,Perak,3.83,101.17,1,False
PO1000003901,SUBURBAN PROPERTIES SDN BHD,SUBURBAN PROPERTIES SDN BHD,Pahang,2.75,102.99,1,False
PO1000003902,SUNGAI KERANG DEVELOPMENT SDN BHD,SUNGAI KERANG DEVELOPMENT SDN BHD,Perak,4.4,100.84,1,False
PO1000003903,SYARIKAT LADANG SUNGAI TERAH SDN BHD,KUMPULAN PERLADANGAN PKINK BHD,Kelantan,4.98,101.96,1,False
PO1000003905,SYARIKAT CAHAYA MUDA PERAK (OIL MILL) SDN BHD,NGAN & NGAN HOLDINGS SDN BHD,Perak,4.16,101.28,1,False
PO1000003906,SYARIKAT PELADANG & PERUSAHAAN MINYAK SDN BHD,SYARIKAT PELADANG & PERUSAHAAN MINYAK SDN BHD,Perak,3.98,100.99,1,False
PO1000003907,SYNN PALM OIL SDN BHD,SYNN HENG TRADING COMPANY SDN BHD,Perak,4.83,100.7,1,False
PO1000003908,MANIS OIL SDN BHD,TA ANN HOLDINGS BHD,Sarawak,2.13,111.89,1,False
PO1000003909,TACLICO COMPANY SDN BHD,TACLICO COMPANY SDN BHD,Kedah,5.51,100.6,1,False
PO1000003911,TAMACO OIL MILL SDN BHD,TAMACO PLANTATION SDN BHD,Sabah,5.15,118.23,1,False
PO1000003912,TACLICO COMPANY SDN BHD,TACLICO COMPANY SDN BHD,Sabah,5.64,118.33,1,False
PO1000003914,ATLANTICA SDN BHD,TECK GUAN GROUP,Sabah,5.71,117.69,1,False
PO1000003915,BRANTIAN PALM OIL SDN BHD,TECK GUAN GROUP,Sabah,4.44,117.52,1,False
PO1000003916,KONSEP MUKTAMAD SDN BHD,TECK GUAN GROUP,Sabah,4.49,117.6,1,False
PO1000003917,PROSPEROUS SEBATIK SDN BHD,TECK GUAN GROUP,Sabah,4.19,117.79,1,False
PO1000003918,SUNGAI BURUNG INDUSTRIES SDN BHD,TECK GUAN GROUP,Sabah,4.4,118.14,1,False
PO1000003922,TEE TEH SDN BHD,TEE TEH SDN BHD,Pahang,2.84,102.87,1,False
PO1000003923,THP SARIBAS SDN BHD,TH PLANTATIONS BERHAD,Sarawak,1.16,110.68,1,False
PO1000003924,TH PLANTATIONS BHD,TH PLANTATIONS BERHAD,Johor,1.97,103.43,1,False
PO1000003925,TH PLANTATIONS BHD,TH PLANTATIONS BERHAD,Negeri Sembilan,2.62,102.51,1,False
PO1000003926,THP KOTA BAHAGIA SDN BHD,TH PLANTATIONS BERHAD,Pahang,2.99,102.93,1,False
PO1000003927,AGRO WANA LESTARI,GOODHOPE,Kalimantan Tengah,-1.86,112.4,2,True
PO1000003928,THP SABACO SDN BHD,TH PLANTATIONS BERHAD,Sabah,6.47,117.57,1,False
PO1000003929,THP SABACO SDN BHD,TH PLANTATIONS BERHAD,Sabah,5.22,118.03,1,False
PO1000003931,TIAN SIANG OILL MILL (PERAK) SDN BHD,TIAN SIANG HOLDINGS SDN BHD,Perak,4.59,100.73,1,False
PO1000003932,TIMOR ENTERPRISE SDN BHD,GLENEALY PLANTATIONS SDN BHD,Sabah,5.3,118.34,1,False
PO1000003933,TOPAZ EMAS SDN BHD,HOK HUAT GROUP SDN BHD,Perak,4.55,100.73,1,False
PO1000003935,ARAH BERSAMA SDN BHD,TRADEWINDS PLANTATION BERHAD,Sarawak,3.68,113.46,1,False
PO1000003936,BINU PLANTATION SDN BHD,TRADEWINDS PLANTATION BERHAD,Sarawak,3.94,114.03,1,False
PO1000003937,KUMPULAN KRIS JATI SDN BHD,TRADEWINDS PLANTATION BERHAD,Sarawak,4.83,115.27,1,False
PO1000003938,LADANG PERMAI SDN BHD,TRADEWINDS PLANTATION BERHAD,Sabah,5.58,117.95,1,False
PO1000003939,LADANG PERMAI SDN BHD,TRADEWINDS PLANTATION BERHAD,Sabah,5.19,118.44,1,False
PO1000003941,LADANG SERASA SDN BHD,TRADEWINDS PLANTATION BERHAD,Kelantan,5.1,102.18,1,False
PO1000003942,MELUR GEMILANG SDN BHD,TRADEWINDS PLANTATION BERHAD,Sarawak,1.21,110.81,1,False
PO1000003943,RETUS PLANTATION SDN BHD,TRADEWINDS PLANTATION BERHAD,Sarawak,2.47,111.93,1,False
PO1000003944,SOLAR GREEN SDN BHD,TRADEWINDS PLANTATION BERHAD,Sarawak,2.78,112.03,1,False
PO1000003945,LADANG PETRI TENGGARA SDN BHD,TRADEWINDS PLANTATION BERHAD,Johor,1.78,103.76,1,False
PO1000003947,TUNG HUP PALM OIL MILL SDN BHD,TUNG HUP ENTERPRISE SDN BHD,Sabah,5.28,117.87,1,False
PO1000003948,UNIQUE PALM OIL MILL SDN BHD,UNIQUE PALM OIL MILL SDN BHD,Sarawak,2.78,112.29,1,False
PO1000003949,MERIDIAN PLANTATIONS SDN BHD,UNITED MALACCA BHD (UMB),Sabah,6.45,117.43,1,False
PO1000003950,SYARIKAT PENANAMAN BUKIT SENORANG SDN BHD,UNITED MALACCA BHD (UMB),Pahang,3.1,102.43,1,False
PO1000003951,UNITED OIL PALM INDUSTRIES SDN BHD,UNITED OIL PALM INDUSTRIES SDN BHD,Pulau Pinang,5.15,100.51,1,False
PO1000003952,VEETAR PALM OIL MILL SDN BHD,VEE SENG DEVELOPMENT SDN BHD,Sabah,5.34,116.94,1,False
PO1000003953,VICTORY ENGHOE PLANTATIONS SDN BHD,VICTORY ENGHOE PLANTATIONS SDN BHD,Johor,1.79,103.36,1,False
PO1000003954,VILA SUTERA SDN BHD,VILA SUTERA SDN BHD,Trengganu,5.11,102.9,1,False
PO1000003956,WINSOME HARVEST PALM OIL MILL SDN BHD,WINSOME HARVEST PALM OIL MILL SDN BHD,Sabah,4.55,118.36,1,False
PO1000003957,WOODMAN KUALA BARAM ESTATES SDN BHD,WOODMAN SDN BHD,Sarawak,4.54,114.12,1,False
PO1000003958,WOODMAN KUALA BARAM ESTATES SDN BHD,WOODMAN SDN BHD,Sarawak,3.01,112.9,1,False
PO1000003959,WOODMAN KUALA BARAM ESTATES SDN BHD,WOODMAN SDN BHD,Sarawak,3.34,113.19,1,False
PO1000003961,WEALTH LEAP SDN BHD (HARVARD MASTER),WTK HOLDINGS BHD,Sarawak,3.75,113.85,1,False
PO1000003962,WTK OIL MILL SDN BHD,WTK HOLDINGS BHD,Sarawak,3.58,113.49,1,False
PO1000003963,YEE LEE PALM OIL INDUSTRIES SDN BHD,YEE LEE CORPORATION BHD,Perak,4.09,101.28,1,False
PO1000003964,YPJ PLANTATIONS SDN BHD,YPJ PLANTATIONS SDN BHD,Johor,1.72,103.78,1,False
PO1000003965,YUWANG PALM OIL MILL SDN BHD,YUWANG GROUP,Sabah,4.78,117.93,1,False
PO1000003966,HILLTOP PALMS SDN BHD,HILLTOP PALMS SDN BHD,Perak,5.05,100.52,1,False
PO1000003970,GUNUNG TUA ABADI,SAMPOERNA AGRO,Sumatera Selatan,-3.81,105.17,2,True
PO1000003976,SARANA PRIMA MULTI NIAGA,TSH RESOURCES,Kalimantan Tengah,-1.99,112.92,2,True
PO1000003979,AGROPECUARIA SANTA MARIA S.A.,UNKNOWN,Magdalena,10.57,-74.21,1,False
PO1000003980,AGROPECUARIA LA RIVERA GAITAN SAS,C.I BIOCOSTA S.A,Meta,3.41,-73.75,1,False
PO1000003981,AGROPECUARIA SANTA MARIA S.A.,C.I BIOCOSTA S.A,Meta,3.52,-73.56,1,False
PO1000003982,COOPERATIVA AGROINDUSTRIAL DE PRODUCTORES DE PALMA ACEITERA R.L. (COOPEAGROPAL R.L.),UNKNOWN,Puntarenas,8.44,-82.94,1,False
PO1000003983,ENTREPALMAS S.A.S.,UNKNOWN,Meta,3.56,-73.58,1,False
PO1000003984,PALMATEC CORPORATION DE COSTA RICA S.A.,UNKNOWN,Puntarenas,8.42,-82.97,1,False
PO1000003985,EXTRACTORA LA PAZ S.A.,UNKNOWN,Meta,3.71,-73.27,1,False
PO1000003988,ACEITES MORICHAL S.A.,UNKNOWN,Meta,3.93,-73.24,1,False
PO1000003989,CIECOPALMA,UNKNOWN,Los Rios,-0.97,-79.47,1,False
PO1000003990,INVERSIONES LA MEJORANA S.A.S,C.I BIOCOSTA S.A,Meta,3.96,-73.63,1,False
PO1000003991,EXTRACTOCOCA EXTRACTORA RIO COCA S.A.,OLEANA/GRUPO ALZAMORA,Orellana,-0.38,-77.0,1,False
PO1000003992,ALIANZA ORIENTAL S.A.,UNKNOWN,Meta,4.0,-73.58,1,False
PO1000003993,EXTRACTORA LA SEXTA S.A.,OLEANA/GRUPO ALZAMORA,Esmeraldas,0.29,-79.27,1,False
PO1000008259,OLEAGINOSAS DEL OCOA,C.I BIOCOSTA S.A,Meta,4.08,-73.69,1,False
PO1000003995,ALCOPALMA S.A.,OLEANA/GRUPO ALZAMORA,Santo Domingo de los Tsachilas,-0.05,-79.35,1,False
PO1000003996,SAPUGA S.A.,UNKNOWN,Meta,4.15,-72.04,1,False
PO1000003997,EXTRACTORA LA FRANCIA / AGROCARIBE,AGROAMERICA,Izabal,15.47,-88.81,1,False
PO1000003998,REFORESTADORA DE PALMA DEL PETEN S.A. (REPSA),GRUPO HAME,Petén,16.12,-90.07,1,False
PO1000003999,HACIENDA LA CABAÑA S.A.,INPARME S.A.,Cundinamarca,4.3,-73.36,1,False
PO1000004000,NATURACEITES S.A.,NATURACEITES S.A.,Alta Verapaz,15.79,-89.85,1,False
PO1000004002,REFORESTADORA DE PALMA DEL PETEN S.A. (REPSA),GRUPO HAME,Petén,16.14,-90.17,1,False
PO1000004003,PALMERAS SANTANA LTDA,UNKNOWN,Casanare,4.56,-72.91,1,False
PO1000004004,AGROINDUSTRIAL PALMA REAL S.A. DE C.V.,GRUPO JAREMAR,Colón,15.85,-85.88,1,False
PO1000004005,EXTRACTORA CUSIANA LTDA,C.I BIOCOSTA S.A,Casanare,4.6,-72.83,1,False
PO1000004006,CORPORACION INDUSTRIAL DE SULA (COINSU),CORPORACION INDUSTRIAL DE SULA S.A. (COINSU),Cortés,15.74,-87.89,1,False
PO1000004007,PALMAR DE ALTAMIRA S.A.S.,MANUELITA,Casanare,4.75,-71.68,1,False
PO1000004008,PALMEROS DE AGUAN S.A.  (PALMASA),UNKNOWN,Colón,15.76,-85.77,1,False
PO1000004009,EXPORTADORA DEL ATLANTICO (DINANT),DINANT,Colón,15.73,-85.86,1,False
PO1000004010,FEDEPALMA,UNKNOWN,Santander,7.28,-73.62,1,False
PO1000004011,EXPORTADORA DEL ATLANTICO (DINANT),DINANT,Atlántida,15.6,-87.39,1,False
PO1000004012,EXTRACTORA MONTERREY  S.A.,SACEITES,Santander,7.3,-73.88,1,False
PO1000004013,SPO AGRO INDUSTRIES,UNKNOWN,Surat Thani,8.52,99.23,1,False
PO1000004014,PALMERAS DE PUERTO WILCHES S.A.,UNKNOWN,Santander,7.34,-73.84,1,False
PO1000004015,SAENGSIRI AGRO‐INDUSTRIES CO. LTD,UNKNOWN,Surat Thani,9.08,99.43,1,False
PO1000004016,EXTRACTORA VIZCAYAS S.A.S.,UNKNOWN,Bolívar,7.58,-73.95,1,False
PO1000004017,INDUSPALMA DOMINICANA SA,MERCASID,Monte Plata,18.73,-69.76,1,False
PO1000004019,COOPERATIVA PALMAS DE RISARALDA LTDA,C.I BIOCOSTA S.A,Norte de Santander,8.2,-72.55,1,False
PO1000004020,INDUSTRIAS DEL ESPINO S.A.,GRUPO PALMAS / PALMAS DEL ESPINO,San Martín,-8.34,-76.49,1,False
PO1000004025,PALMAGRO S.A.,C.I BIOCOSTA S.A,Cesar,9.65,-73.57,1,False
PO1000004026,EXTRACTORA SICARARE LTDA,UNKNOWN,Cesar,9.93,-73.26,1,False
PO1000004027,PALMARIGUANI S.A,C.I BIOCOSTA S.A,Cesar,9.94,-73.94,1,False
PO1000004029,PALMACEITE S.A.,UNKNOWN,Magdalena,10.62,-74.17,1,False
PO1000004030,EL ROBLE S.A,FAMAR S.A.,Magdalena,10.67,-74.22,1,False
PO1000004031,FRUPALMA S.A,EXTRACTORA FRUPALMA S.A.,Magdalena,10.7,-74.19,1,False
PO1000004032,PALMAS OLEAGINOSAS DEL MAGDALENA LTDA (PALDEMA),C.I BIOCOSTA S.A,Magdalena,10.72,-74.2,1,False
PO1000004034,GRASAS Y DERIVADOS S.A. (GRADESA),GRADESA S.A.,Magdalena,11.0,-74.22,1,False
PO1000004055,KRIYA SWARNA PUBIAN,MEDCO AGRO,Lampung,-5.06,104.88,2,True
PO1000004056,WAHANA KARYA MANDIRI KAHURIPAN,MAKIN,Sumatera Selatan,-4.47,104.26,2,True
PO1000004057,DAMAI JAYA LESTARI,TORGANDA,Sulawesi Tenggara,-4.42,121.64,2,True
PO1000004059,SINAR BENGKULU SELATAN,TRINITY INTERLINK,Bengkulu,-4.38,102.84,2,True
PO1000004060,MENGGALA SAWITINDO,SINAR JAYA AGRO INVESTAMA (SJAI),Lampung,-4.35,105.27,2,True
PO1000004061,PERKEBUNAN NUSANTARA VII,PTPN III,Bengkulu,-4.25,102.71,2,True
PO1000004063,SURYA UTAMA NABATI,UNKNOWN,Lampung,-4.19,105.22,2,True
PO1000004064,GARUDA BUMI PERKASA,TUDUNG,Lampung,-4.03,105.16,2,True
PO1000004065,MITRA OGAN,RAJAWALI NUSANTARA INDONESIA (RNI),Sumatera Selatan,-3.9,104.35,2,True
PO1000004066,PERKEBUNAN NUSANTARA XIII,PTPN III,Kalimantan Selatan,-3.73,114.79,2,True
PO1000004067,SAWIT MULIA,UNKNOWN,Bengkulu,-3.63,102.21,2,True
PO1000004068,SAWIT MAS SEJAHTERA,SINAR MAS,Sumatera Selatan,-3.63,103.22,2,True
PO1000004070,SURYABUMI TUNGGAL PERKASA,EAGLE HIGH PLANTATIONS,Kalimantan Selatan,-3.34,115.77,2,True
PO1000004072,AGRICINAL,UNKNOWN,Bengkulu,-3.2,101.63,2,True
PO1000004075,KARYA INDO SEJATITAMA,UNKNOWN,Sumatera Selatan,-3.0,102.79,2,True
PO1000004077,PERUSAHAAN PERKEBUNAN LONDON SUMATRA INDONESIA,LONSUM,Sumatera Selatan,-2.98,103.34,2,True
PO1000004078,BUMI MENTARI KARYA,SUPERVENTURE,Bengkulu,-2.88,101.42,2,True
PO1000004080,ANDIRA AGRO,META EPSI,Sumatera Selatan,-2.79,105.1,2,True
PO1000004081,DARIA DHARMA PRATAMA,WIDYA,Bengkulu,-2.79,101.4,2,True
PO1000004082,SWADAYA INDOPALMA,GAMA PLANTATIONS,Sumatera Selatan,-2.77,104.63,2,True
PO1000004083,UNITED PLANTATIONS BHD,UNITED PLANTATIONS,Kalimantan Tengah,-2.59,111.77,2,True
PO1000004084,SWARNA NUSA SENTOSA,CAPELLA,Bangka Belitung,-2.48,106.08,2,True
PO1000004085,DARIA DHARMA PRATAMA,WIDYA,Bengkulu,-2.98,101.51,2,True
PO1000004089,KRESNA DUTA AGROINDO,SINAR MAS,Jambi,-2.19,102.64,1,True
PO1000004090,LAMBANG SAWIT PERKASA,LAMBANG JAYA,Jambi,-2.22,102.48,2,True
PO1000004092,MULTI MAKMUR MITRA ALAM,PADASA ENAM UTAMA,Kalimantan Timur,-2.15,116.08,2,True
PO1000004093,AGRO NUSA ABADI,ASTRA AGRO LESTARI,Sulawesi Tengah,-2.13,121.48,2,True
PO1000004094,GRAHACIPTA BANGKOJAYA,MENTARI,Jambi,-2.09,102.44,2,True
PO1000004096,BORNEO INDAH MARJAYA,ASTRA AGRO LESTARI,Kalimantan Timur,-2.03,116.4,2,True
PO1000004098,TANJUNG SAWIT ABADI,CITRA BORNEO INDAH (CBI),Kalimantan Tengah,-1.91,111.6,2,True
PO1000004101,SUMBERTAMA NUSAPERTIWI,BAKRIE,Jambi,-1.68,103.8,2,True
PO1000004102,ADHYAKSA DHARMA SATYA,EAGLE HIGH PLANTATIONS,Kalimantan Tengah,-1.59,112.86,2,True
PO1000004103,ERASAKTI WIRA FORESTAMA,UNKNOWN,Jambi,-1.53,103.73,2,True
PO1000004104,TIDAR KERINCI AGUNG,TIRTA MAS MAJUTAMA,Sumatera Barat,-1.52,101.55,2,True
PO1000004105,TEBO PLASMA INTILESTARI,UNKNOWN,Jambi,-1.44,102.54,2,True
PO1000004106,KURNIA LUWUK SEJATI,UNKNOWN,Sulawesi Tengah,-1.36,122.31,2,True
PO1000004107,MUARATOYU SUBUR LESTARI,TRIPUTRA AGRO PERSADA,Kalimantan Timur,-1.35,116.38,2,True
PO1000004109,LETAWA,ASTRA AGRO LESTARI,Sulawesi Barat,-1.33,119.43,2,True
PO1000004110,MITRA SAWIT JAMBI,UNKNOWN,Jambi,-1.32,103.09,2,True
PO1000004111,CITRAKOPRASINDO TANI,METRO,Jambi,-1.3,103.14,2,True
PO1000004112,RUDY AGUNG AGRA LAKSANA,UNKNOWN,Jambi,-1.28,103.25,2,True
PO1000004113,PASANGKAYU,ASTRA AGRO LESTARI,Sulawesi Barat,-1.22,119.47,2,True
PO1000004114,TRANSCO PRATAMA,INCASI RAYA (GUNAS),Sumatera Barat,-1.18,101.72,2,True
PO1000004116,ANTANG GANDA UTAMA,MAKIN,Kalimantan Tengah,-1.12,114.89,2,True
PO1000004117,NIRMALA ABDI DAMAI,UNKNOWN,Riau,-0.79,102.6,2,True
PO1000004119,TRI BAKTI SARIMAS,SARIMAS,Riau,-0.73,101.64,2,True
PO1000004121,FARINDA BERSAUDARA,TSH RESOURCES,Kalimantan Timur,-0.7,116.26,2,True
PO1000004125,PRIMA PALM LATEX INDUSTRI,UNKNOWN,Sumatera Utara,2.78,99.25,2,True
PO1000004126,KARYA MITRA ANDALAN,MAHKOTA,Sumatera Utara,2.78,99.62,2,True
PO1000004127,DENDY MARKER INDAH LESTARI,SIPEF,Sumatera Selatan,-2.8,102.94,2,True
PO1000004128,INECDA PLANTATIONS,SAMSUNG,Riau,-0.49,102.37,2,True
PO1000004129,SAWITA INTER PERKASA,UNKNOWN,Sumatera Utara,2.8,99.44,2,True
PO1000004130,SWAKARSA SAWIT RAYA,UNKNOWN,Riau,-0.49,102.48,2,True
PO1000004131,PERUSAHAAN PERKEBUNAN LONDON SUMATRA INDONESIA,LONSUM,Kalimantan Timur,-0.6,116.14,1,True
PO1000004132,SINAR KENCANA INTI PERKASA,SINAR MAS,Kalimantan Selatan,-2.81,116.19,2,True
PO1000004133,PERUSAHAAN PERKEBUNAN LONDON SUMATRA INDONESIA,LONSUM,Sumatera Selatan,-2.83,103.13,2,True
PO1000004134,PERKEBUNAN NUSANTARA IV,PTPN III,Sumatera Utara,2.22,99.76,2,True
PO1000004135,PINANG WITMAS SEJATI,UNKNOWN,Sumatera Selatan,-2.22,104.18,2,True
PO1000004136,SINAR DINAMIKA KAPUAS,LYMAN AGRO,Kalimantan Barat,-0.31,111.6,2,True
PO1000004137,SERBA HUTA JAYA,SUNGAI BUDI,Sumatera Utara,2.22,99.93,2,True
PO1000004138,GANDAERAH HENDANA,SAMSUNG,Riau,-0.16,102.21,2,True
PO1000004139,KARYA SAWIT LESTARI,UNKNOWN,Sumatera Selatan,-2.85,104.27,2,True
PO1000004141,UMADA,UMADA,Sumatera Utara,2.23,99.79,2,True
PO1000004142,INTERNUSA PRIMA MAKMUR,PADASA ENAM UTAMA,Sumatera Utara,2.85,99.67,2,True
PO1000004149,SINTONG ABADI,DUPONT & LEOSK ENTERPRISES,Sumatera Utara,2.92,99.71,2,True
PO1000004150,KARUNIA KENCANA PERMAI SEJATI,WILMAR GROUP,Kalimantan Tengah,-2.24,112.63,2,True
PO1000004153,CISADANE SAWIT RAYA,CISADANE RAYA,Sumatera Utara,2.24,100.19,2,True
PO1000004154,FLORA WAHANA TIRTA,BBIP PALM,Riau,0.13,101.27,2,True
PO1000004155,DELIMA MAKMUR,IBRIS PALM,Aceh,2.25,98.03,2,True
PO1000004156,SURYARAYA LESTARI,ASTRA AGRO LESTARI,Sulawesi Barat,-2.12,119.26,2,True
PO1000004157,MITRA UNGGUL PUSAKA,ROYAL GOLDEN EAGLE,Riau,0.14,101.65,2,True
PO1000004158,POLIPLANT SEJAHTERA,CARGILL,Kalimantan Barat,-2.28,110.87,2,True
PO1000004159,SURYA BRATASENA PLANTATION,UNKNOWN,Riau,0.15,101.98,2,True
PO1000004160,CILIANDRA PERKASA,FIRST RESOURCES,Riau,0.16,101.05,2,True
PO1000004161,MERBAUJAYA INDAHRAYA,MERBAUJAYA INDAHRAYA,Sumatera Utara,2.28,99.78,2,True
PO1000004162,PENITI SUNGAI PURUN,HPI-AGRO (DJARUM),Kalimantan Barat,0.3,109.18,2,True
PO1000004163,KALIMANTAN SAWIT KUSUMA,KALIMANTAN SAWIT KUSUMA (KSK),Kalimantan Tengah,-2.29,111.17,2,True
PO1000004164,LANGGAM INTI HIBRINDO,PROVIDENT AGRO,Riau,0.3,101.9,2,True
PO1000004165,GUNUNG SEJAHTERA DUA INDAH,ASTRA AGRO LESTARI,Kalimantan Tengah,-2.3,111.84,2,True
PO1000004167,PERKEBUNAN LEMBAH BHAKTI,ASTRA AGRO LESTARI,Aceh,2.31,98.0,2,True
PO1000004168,PADASA ENAM UTAMA,PADASA ENAM UTAMA,Riau,0.4,100.61,2,True
PO1000004169,SUMATERA JAYA AGRO LESTARI,INCASI RAYA (GUNAS),Sumatera Barat,-2.33,101.0,2,True
PO1000004171,PT. HHK SUNGAI BILA ESTATE,UNION SAMPOERNA TRIPUTRA PERSADA (USTP),Kalimantan Tengah,-2.33,111.28,2,True
PO1000004172,MULTI PALMA SEJAHTERA,UNKNOWN,Riau,0.41,101.67,2,True
PO1000004173,SAWITA UNGGUL JAYA,UNKNOWN,Sumatera Utara,2.33,100.1,2,True
PO1000004175,DAYA SEMESTA AGRO PERSADA,DAYA SEMESTA AGRO PERSADA (DSAP),Sumatera Selatan,-2.96,104.92,2,True
PO1000004176,GUNUNG SEJAHTERA PUTI PESONA,ASTRA AGRO LESTARI,Kalimantan Tengah,-2.37,111.96,2,True
PO1000004177,PERUSAHAAN PERKEBUNAN LONDON SUMATRA INDONESIA,LONSUM,Sumatera Selatan,-2.98,102.79,2,True
PO1000004179,GUNUNG SEJAHTERA IBU PERTIWI,ASTRA AGRO LESTARI,Kalimantan Tengah,-2.38,111.79,2,True
PO1000004181,PERKEBUNAN NUSANTARA IV,PTPN III,Sumatera Utara,2.99,99.22,2,True
PO1000004185,TOR GANDA,TORGANDA,Sumatera Utara,2.38,99.83,2,True
PO1000004188,SAPTA SENTOSA JAYA ABADI,HERFINTA,Bengkulu,-2.39,101.16,2,True
PO1000004189,RAPI TEKNIK,UNKNOWN,Sumatera Utara,3.0,99.22,2,True
PO1000004190,FORTIUS AGRO ASIA,SUPERVENTURE,Riau,0.48,100.75,2,True
PO1000004191,BUMITAMA GUNAJAYA ABADI,BUMITAMA GUNAJAYA AGRO (BGA),Kalimantan Tengah,-2.39,111.37,2,True
PO1000004192,MUSIRAWAS CITRA HARPINDO,MUSIRAWAS,Kalimantan Tengah,-2.4,112.22,2,True
PO1000004194,ALAMRAYA KENCANA MAS,KENCANA AGRI,Kalimantan Selatan,-2.4,115.99,2,True
PO1000004195,PADASA ENAM UTAMA,PADASA ENAM UTAMA,Riau,0.53,100.78,2,True
PO1000004196,SINAR KENCANA INTI PERKASA,SINAR MAS,Kalimantan Selatan,-3.05,116.02,2,True
PO1000004197,NAFASINDO,UNKNOWN,Aceh,2.44,97.92,2,True
PO1000004198,INTI KARYA PLASMA PERKASA,UNKNOWN,Riau,0.54,101.25,2,True
PO1000004200,HUTA BAYU MARSADA,INDAH,Sumatera Utara,3.06,99.33,2,True
PO1000004202,PERKEBUNAN NUSANTARA IV,PTPN III,Sumatera Utara,2.46,100.16,2,True
PO1000004203,HARKAT SEJAHTERA,UNKNOWN,Sumatera Utara,3.07,99.43,2,True
PO1000004204,BUDI TANI KEMBANG JAYA,UNKNOWN,Riau,0.54,101.58,2,True
PO1000004205,KWALA INTAN SAWIT SELATAN,DUPONT & LEOSK ENTERPRISES,Sumatera Utara,2.46,99.64,2,True
PO1000004206,PERKEBUNAN NUSANTARA V,PTPN III,Riau,0.58,100.75,2,True
PO1000004207,MUTIARA ALAM LESTARI,UNKNOWN,Bangka Belitung,-2.49,106.36,2,True
PO1000004208,PERKEBUNAN NUSANTARA IV,PTPN III,Sumatera Utara,3.08,99.51,2,True
PO1000004210,CAHAYA CEMERLANG LESTARI,SUPERVENTURE,Sumatera Selatan,-2.54,104.15,2,True
PO1000004213,PRIMA SAUHUR LESTARI,UNKNOWN,Sumatera Utara,3.08,99.3,2,True
PO1000004214,SAPTA KARYA DAMAI,ASAM JAWA,Kalimantan Tengah,-2.58,112.63,2,True
PO1000004215,ALNO AGRO UTAMA,ANGLO-EASTERN PLANTATION (AEP),Bengkulu,-3.13,101.88,2,True
PO1000004216,SURYA INTISARI RAYA,FIRST RESOURCES,Riau,0.63,101.57,2,True
PO1000004217,GRAHADURA LEIDONGPRIMA,BAKRIE,Sumatera Utara,2.58,99.78,2,True
PO1000004218,AGUNG AGRO LESTARI,UNKNOWN,Sumatera Utara,2.54,99.88,2,True
PO1000004219,PERKEBUNAN NUSANTARA V,PTPN III,Riau,0.63,101.78,2,True
PO1000004223,MUSI BANYUASIN INDAH,WILMAR GROUP,Sumatera Selatan,-2.63,103.82,2,True
PO1000004225,PERKEBUNAN NUSANTARA V,PTPN III,Riau,0.65,101.86,2,True
PO1000004226,SUNGAI RANGIT,SAMPOERNA AGRO,Kalimantan Tengah,-2.63,111.26,2,True
PO1000004228,SUBUR AGRO MAKMUR,ASTRA AGRO LESTARI,Kalimantan Selatan,-2.65,114.97,2,True
PO1000004230,SENTOSA SEJAHTERA SEJATI,UNKNOWN,Bengkulu,-2.67,101.3,2,True
PO1000004231,SUBUR ARUM MAKMUR,FIRST RESOURCES,Riau,0.82,100.89,2,True
PO1000004232,GRAHA INTI JAYA,TIANJIN JULONG,Kalimantan Tengah,-2.67,114.38,2,True
PO1000004234,BUMI LANGGENG PERDANATRADA,EAGLE HIGH PLANTATIONS,Kalimantan Tengah,-2.72,111.82,2,True
PO1000004236,PINAGO UTAMA,UNKNOWN,Sumatera Selatan,-2.74,103.57,2,True
PO1000004238,SALONOK LADANG MAS,UNION SAMPOERNA TRIPUTRA PERSADA (USTP),Kalimantan Tengah,-2.75,112.44,2,True
PO1000004239,LIBO SAWIT PERKASA,UNKNOWN,Riau,0.96,101.14,2,True
PO1000004240,SUMBER SAWIT JAYA LESTARI,UNKNOWN,Sumatera Utara,2.76,99.96,2,True
PO1000004241,HUTAHAEAN,HUTAHAEAN,Riau,1.06,100.76,2,True
PO1000004242,SAMUDERA SAWIT NABATI,DUTA MARGA,Aceh,2.77,97.94,2,True
PO1000004243,AGRINDO INDAH PERSADA,WILMAR GROUP,Sumatera Utara,2.78,99.39,2,True
PO1000004244,PERMATA HIJAU SAWIT,PERMATA HIJAU,Sumatera Utara,1.07,100.07,2,True
PO1000004245,ERA SAWITA,UNKNOWN,Riau,1.08,100.49,2,True
PO1000004246,MANDIRI SAWIT BERSAMA,SUPERVENTURE,Sumatera Utara,1.07,100.0,2,True
PO1000004249,TENGGANAU MANDIRI LESTARI,UNKNOWN,Riau,1.12,101.26,2,True
PO1000004251,SUMBER JAYA INDAHNUSA COY,UNKNOWN,Riau,1.13,100.64,2,True
PO1000004252,TORUS GANDA,TORGANDA,Riau,1.14,100.41,2,True
PO1000004253,PERDANA INTISAWIT PERKASA,FIRST RESOURCES,Riau,1.14,100.49,2,True
PO1000004254,RANA WASTU KENCANA,ZTE AGRIBUSINESS,Kalimantan Barat,1.15,109.32,2,True
PO1000004255,MUSTIKA AGUNG SAWIT SEJAHTERA,UNKNOWN,Riau,1.22,101.24,2,True
PO1000004257,MURINIWOOD INDAH INDUSTRY,FIRST RESOURCES,Riau,1.39,101.31,2,True
PO1000004259,INTAN SEJATI ANDALAN,MAHKOTA,Riau,1.43,101.29,2,True
PO1000004263,SAWIT RIAU MAKMUR,UNKNOWN,Riau,1.53,100.99,2,True
PO1000004265,SINAR SAWIT SUBUR LESTARI,SUPERVENTURE,Sumatera Utara,1.59,99.87,2,True
PO1000004266,DJAYA GLOBALINDO SENTOSA,UNKNOWN,Riau,1.69,101.04,2,True
PO1000004267,BAHANA NUSA INTERINDO,MUSIM MAS,Riau,1.7,100.7,2,True
PO1000004268,PERKEBUNAN NUSANTARA V,PTPN III,Riau,1.74,100.51,2,True
PO1000004269,ABDI BUDI MULIA,SUMBER TANI HARAPAN (STH),Sumatera Utara,2.05,100.25,2,True
PO1000004270,CITRA INDAH PERTIWI,UNKNOWN,Sumatera Utara,2.07,100.01,2,True
PO1000004271,SINAR PANDAWA,UNKNOWN,Sumatera Utara,2.23,100.08,2,True
PO1000004273,SINAR SAWIT LESTARI,UNKNOWN,Sumatera Utara,2.46,99.65,2,True
PO1000004274,BANGUN SEMPURNA LESTARI,UNKNOWN,Aceh,2.63,97.95,2,True
PO1000004275,DJAJA PUTRA INDONESIA,UNKNOWN,Sumatera Utara,2.68,99.43,2,True
PO1000004277,PERKEBUNAN NUSANTARA IV,PTPN III,Sumatera Utara,2.77,99.32,2,True
PO1000004280,PERKEBUNAN NUSANTARA IV,PTPN III,Sumatera Utara,2.86,99.64,2,True
PO1000004281,PERKEBUNAN NUSANTARA IV,PTPN III,Sumatera Utara,3.03,99.33,2,True
PO1000004284,SANGGAM KAHURIPAN INDONESIA,MAKIN,Kalimantan Timur,3.12,117.27,2,True
PO1000004285,KWALA GUNUNG,UNKNOWN,Sumatera Utara,3.16,99.48,2,True
PO1000004286,INDOMAS MITRA TEKNIK,UNKNOWN,Sumatera Utara,3.23,97.98,2,True
PO1000004288,MITRA AGUNG SAWITA SEJATI,UNKNOWN,Sumatera Utara,3.3,99.31,2,True
PO1000004289,KARYA PRATAMA NIAGAJAYA,MAHKOTA,Sumatera Utara,3.32,99.31,2,True
PO1000004291,DEWA RENCANA PERANGIN ANGIN,UNKNOWN,Sumatera Utara,3.5,98.44,2,True
PO1000004292,TANINDO SEJATI,UNKNOWN,Sumatera Utara,3.51,99.2,2,True
PO1000004294,PERUSAHAAN PERKEBUNAN & DAGANG INDAH PONTJAN,UNKNOWN,Sumatera Utara,3.56,99.02,2,True
PO1000004295,AMAL TANI,UNKNOWN,Sumatera Utara,3.59,98.31,2,True
PO1000004296,SINAR LANGKAT PERKASA,UNKNOWN,Sumatera Utara,3.62,98.4,2,True
PO1000004297,MEGAH PUSAKA ANDALAS,UNKNOWN,Sumatera Utara,3.65,98.15,2,True
PO1000004299,SURYA PANEN SUBUR,AMARA PLANTATION,Aceh,3.81,96.49,2,True
PO1000004300,KALLISTA ALAM,UNKNOWN,Aceh,3.87,96.58,2,True
PO1000004302,PERKEBUNAN PERTANIAN PATI SARI,UNKNOWN,Aceh,4.09,97.96,2,True
PO1000004303,BEURATA SUBUR PERSADA,UNKNOWN,Aceh,4.13,96.34,2,True
PO1000004305,TRI AGRO PALMA TAMIANG,UNKNOWN,Aceh,4.19,98.04,2,True
PO1000004306,NUNUKAN JAYA LESTARI,FIMACORP,Kalimantan Timur,4.21,117.25,2,True
PO1000004307,CINTA RAJA,UNKNOWN,Sumatera Utara,3.22,98.78,2,True
PO1000004308,MOPOLI RAYA,MOPOLI RAYA,Aceh,4.46,96.16,2,True
PO1000004309,KOPERASI PRIMA JASA,EKA KARYA,Aceh,4.6,97.9,2,True
PO1000004311,PERKEBUNAN NUSANTARA I,PTPN III,Aceh,4.93,97.37,2,True
PO1000004312,SAWITTA JAYA LAU PAKAM,UNKNOWN,Sumatera Utara,3.26,97.96,2,True
PO1000004313,CIPTA AGRO SEJATI,UNKNOWN,Riau,1.87,100.43,2,True
PO1000004314,SUMBER SAWIT MAKMUR,PAYA PINANG,Sumatera Utara,3.27,99.25,2,True
PO1000004315,ASIA SAWIT MAKMUR JAYA,SUPERVENTURE,Riau,-0.49,101.45,2,True
PO1000004316,LADANG SAWIT MAS,BUMITAMA GUNAJAYA AGRO (BGA),Kalimantan Barat,-1.55,110.34,2,True
PO1000004317,WAHANA POTENSI GUNA,UNKNOWN,Sumatera Selatan,-2.82,103.44,2,True
PO1000004318,CIPTA USAHA SEJATI,PASIFIK AGRO SENTOSA,Kalimantan Barat,-1.0,110.2,2,True
PO1000004320,HARAPAN JAYA SAWITA,UNKNOWN,Sumatera Utara,3.86,98.42,2,True
PO1000004321,TALES INTI SAWIT,DUTA MARGA,Sumatera Utara,3.33,98.76,2,True
PO1000004323,MITRA AGROLIKA SEJAHTERA,UNKNOWN,Sumatera Selatan,-1.96,103.62,2,True
PO1000004325,PIPIT MUTIARA INDAH,QL RESOURCES,Kalimantan Timur,3.32,117.17,2,True
PO1000004327,MITRA BUMI,SEPTA,Riau,0.45,101.06,2,True
PO1000004329,KARYA SERASI JAYA ABADI,SUMBER TANI AGUNG,Sumatera Utara,3.34,99.22,2,True
PO1000004330,FANGIONO AGRO PLANTATION,FANGIONO AGRO PLANTATION,Kalimantan Barat,-1.91,110.86,1,True
PO1000004331,PERKEBUNAN NUSANTARA IV,PTPN III,Sumatera Utara,0.37,99.31,2,True
PO1000004332,SERDANG HULU,UNKNOWN,Sumatera Utara,3.35,98.49,2,True
PO1000004334,MAJU KALIMANTAN HADAPAN,MKH BERHAD,Kalimantan Timur,0.02,116.97,2,True
PO1000004335,BUMI PRATAMA KHATULISTIWA,WILMAR GROUP,Kalimantan Barat,-0.02,109.42,2,True
PO1000004336,TUNAS HARAPAN SAWIT,UNKNOWN,Sumatera Utara,3.37,99.02,2,True
PO1000004337,MULTI JAYA PERKASA,INCASI RAYA (GUNAS),Kalimantan Barat,-0.04,110.81,2,True
PO1000004339,SERDANG TENGAH,UNKNOWN,Sumatera Utara,3.4,98.86,2,True
PO1000004340,ANDALAS AGRO INDUSTRI,TSH RESOURCES,Sumatera Barat,-0.05,99.97,2,True
PO1000004341,KEBUN PANTAI RAJA,PANCA EKA,Riau,-0.06,101.24,2,True
PO1000004342,PERKEBUNAN NUSANTARA III,PTPN III,Sumatera Utara,3.35,99.17,2,True
PO1000004343,MULTI PRIMA ENTAKAI,MULTI PRIMA ENTAKAI,Kalimantan Barat,0.06,110.75,2,True
PO1000004344,UNITED KINGDOM INDONESIA PLANTATION,ANGLO-EASTERN PLANTATION (AEP),Sumatera Utara,3.49,98.4,2,True
PO1000004345,MAKMUR ANDALAN SAWIT,UNKNOWN,Riau,0.07,102.12,2,True
PO1000004348,INKUD AGRITAMA,UNKNOWN,Sumatera Barat,-0.07,100.02,2,True
PO1000004349,PERKEBUNAN PELALU RAYA,ROYAL GOLDEN EAGLE,Sumatera Barat,-0.1,100.05,2,True
PO1000004350,PERKEBUNAN NUSANTARA XIII,PTPN III,Kalimantan Barat,-0.11,110.29,2,True
PO1000004351,ADIMULIA AGROLESTARI,ADIMULIA,Riau,-0.11,101.39,2,True
PO1000004352,BINTANG HARAPAN DESA,BINTANG HARAPAN DESA (BHD),Kalimantan Barat,-0.11,110.33,2,True
PO1000004353,CITRANUSA INTISAWIT,SALIM GROUP,Kalimantan Barat,0.11,110.76,2,True
PO1000004356,TH INDO PLANTATIONS,GAMA PLANTATIONS,Riau,0.13,103.15,2,True
PO1000004358,SURYA AGROLIKA REKSA,ADIMULIA,Riau,-0.14,101.39,2,True
PO1000004360,SWASTISIDDHI AMAGRA,SWASTISIDDHI AMAGRA,Riau,0.21,101.28,2,True
PO1000004361,PARNA AGROMAS,LG INTERNATIONAL,Kalimantan Barat,0.21,111.08,2,True
PO1000004362,CITRA RIAU SARANA,GAMA PLANTATIONS,Riau,-0.21,101.47,2,True
PO1000004363,TH INDO PLANTATIONS,GAMA PLANTATIONS,Riau,0.22,103.17,2,True
PO1000004364,SATRIA MULTI SUKSES,CHAROEN POKPHAND,Kalimantan Barat,0.22,109.53,2,True
PO1000004365,BAKRIE PASAMAN PLANTATIONS,BAKRIE,Sumatera Barat,0.23,99.48,2,True
PO1000004366,BERKAT SAWIT SEJAHTERA,SUPERVENTURE,Sumatera Barat,0.24,99.71,2,True
PO1000004367,CITRA RIAU SARANA,GAMA PLANTATIONS,Riau,-0.24,101.58,2,True
PO1000004368,REZEKI KENCANA,TIANJIN JULONG,Kalimantan Barat,-0.27,109.25,2,True
PO1000004370,TASMA PUJA,UNKNOWN,Riau,0.28,101.22,2,True
PO1000004372,TUNGGAL PERKASA PLANTATIONS,ASTRA AGRO LESTARI,Riau,-0.31,102.27,2,True
PO1000004373,MUTIARA AGAM,PROVIDENT AGRO,Sumatera Barat,-0.32,99.88,2,True
PO1000004374,CITRA RIAU SARANA,GAMA PLANTATIONS,Riau,-0.32,101.56,2,True
PO1000004375,BINTARA TANI NUSANTARA,INCASI RAYA (GUNAS),Sumatera Barat,0.33,99.38,2,True
PO1000004376,RIAU AGROTAMA PLANTATION,SALIM GROUP,Kalimantan Barat,0.34,111.81,2,True
PO1000004377,MITRA AUSTRAL SEJAHTERA,SIME DARBY,Kalimantan Barat,0.36,110.43,2,True
PO1000004378,PASAMAN MARAMA SEJAHTERA,INCASI RAYA (GUNAS),Sumatera Barat,0.36,99.63,2,True
PO1000004379,SINTANG RAYA,MIWON,Kalimantan Barat,-0.45,109.27,2,True
PO1000004380,MITRA ANEKA REZEKI,PASIFIK AGRO SENTOSA,Kalimantan Barat,-0.37,109.3,2,True
PO1000004382,TRITUNGGAL SENTRA BUANA,GAMA PLANTATIONS,Kalimantan Timur,-0.42,117.36,2,True
PO1000004383,PANGKALAN BARU INDAH,UNKNOWN,Riau,0.42,101.59,2,True
PO1000004384,SINAR SIAK DIAN PERMAI,WILMAR GROUP,Riau,0.45,101.62,2,True
PO1000004385,PADASA ENAM UTAMA,PADASA ENAM UTAMA,Riau,0.46,100.8,2,True
PO1000004386,TRI BAHTERA SRIKANDI,SAGO NAULI,Sumatera Utara,0.47,99.37,2,True
PO1000004387,SAGO NAULI,SAGO NAULI,Sumatera Utara,0.47,99.22,2,True
PO1000004389,MITRA AGUNG SWADAYA,UNKNOWN,Riau,-0.49,102.06,2,True
PO1000004390,TELEN PRIMA SAWIT,TELADAN PRIMA,Kalimantan Timur,0.51,116.78,2,True
PO1000004392,AGRO SARIMAS INDONESIA,SARIMAS,Riau,-0.52,102.92,2,True
PO1000004394,USAHA KITA MAKMUR,UNKNOWN,Riau,-0.53,101.49,2,True
PO1000004395,TAMORA AGRO LESTARI,UNKNOWN,Riau,-0.53,101.42,2,True
PO1000004398,SEWANGI SAWIT SEJAHTERA,UNKNOWN,Riau,0.58,101.09,2,True
PO1000004400,PEPUTRA MASTERINDO,PEPUTRA,Riau,0.59,100.99,2,True
PO1000004402,PERKEBUNAN NUSANTARA V,PTPN III,Riau,0.6,100.69,2,True
PO1000004403,BUMI MENTARI KARYA,SUPERVENTURE,Riau,0.63,101.14,2,True
PO1000004404,SIAK PRIMA SAKTI,WILMAR GROUP,Riau,0.65,101.75,2,True
PO1000004408,KIMIA TIRTA UTAMA,ASTRA AGRO LESTARI,Riau,0.67,101.73,2,True
PO1000004410,ROHUL SAWIT INDUSTRI,BUMITAMA GUNAJAYA AGRO (BGA),Riau,0.68,100.53,2,True
PO1000004411,SEWANGI SEJATI LUHUR,UNKNOWN,Riau,0.71,100.93,2,True
PO1000004412,BERLIAN INTI MEKAR,MAHKOTA,Riau,-0.72,102.63,2,True
PO1000004415,GLOBAL KALIMANTAN MAKMUR,GELANGGANG MAJU BERSAMA,Kalimantan Barat,0.73,110.46,2,True
PO1000004417,SAWIT ASAHAN INDAH,ASTRA AGRO LESTARI,Riau,0.76,100.52,2,True
PO1000004418,MULTI AGRO SENTOSA,UNKNOWN,Riau,0.77,100.89,2,True
PO1000004419,BINA FITRI JAYA,ANGLO-EASTERN PLANTATION (AEP),Riau,0.81,101.28,2,True
PO1000004421,MUTIARA UNGGUL LESTARI,MAHKOTA,Riau,0.86,101.3,2,True
PO1000004422,EKA DURA INDONESIA,ASTRA AGRO LESTARI,Riau,0.88,100.61,2,True
PO1000004423,SUMBER JAYA INDAHNUSA COY,UNKNOWN,Riau,0.89,100.7,2,True
PO1000004424,SUMBER ALAM MAKMUR SENTOSA,PADASA ENAM UTAMA,Riau,0.96,100.72,2,True
PO1000004425,CITRA BUMI AGRO,SEPTA,Riau,1.0,100.62,2,True
PO1000004426,SUMBAR ANDALAS KENCANA,INCASI RAYA (GUNAS),Sumatera Barat,-1.0,101.74,2,True
PO1000004427,MULTI PACIFIC INTERNATIONAL,SALIM GROUP,Kalimantan Timur,1.0,117.77,2,True
PO1000004428,PERKEBUNAN NUSANTARA IV,PTPN III,Sumatera Utara,1.05,100.01,2,True
PO1000004431,KARYA AGUNG SAWITA,SUMBER TANI AGUNG,Sumatera Utara,1.07,99.96,2,True
PO1000004432,TRIMITRA LESTARI,SIN TEK HUAT,Jambi,-1.07,103.17,2,True
PO1000004434,DHARMASRAYA LESTARINDO,DUTA MARGA,Sumatera Barat,-1.08,101.66,2,True
PO1000004435,NAGAMAS AGRO MULIA,UNKNOWN,Riau,1.08,100.26,2,True
PO1000004436,SWADAYA MUKTI PRAKARSA,FIRST RESOURCES,Kalimantan Barat,-1.08,110.38,2,True
PO1000004437,PRAKARSA TANI SEJATI,GLOBAL PALM RESOURCES HOLDINGS,Kalimantan Barat,-1.1,110.47,2,True
PO1000004439,PRODUK SAWITINDO JAMBI,MAKIN,Jambi,-1.14,103.07,2,True
PO1000004441,SAWIT ANUGERAH SEJAHTERA,UNKNOWN,Riau,1.15,101.28,2,True
PO1000004442,KENCANA PERSADA NUSANTARA,UNKNOWN,Riau,1.18,100.23,2,True
PO1000004443,HUTAHAEAN,HUTAHAEAN,Riau,1.18,100.27,2,True
PO1000004444,MERANGKAI ARTHA NUSANTARA,TRINITY INTERLINK,Riau,1.21,100.29,2,True
PO1000004446,TELEN,TELADAN PRIMA,Kalimantan Timur,1.25,117.69,2,True
PO1000004447,SELAGO MAKMUR PLANTATION,INCASI RAYA (GUNAS),Sumatera Barat,-1.25,101.58,2,True
PO1000004448,FAJAR SAUDARA KUSUMA,KALIMANTAN SAWIT KUSUMA (KSK),Kalimantan Barat,1.27,109.23,2,True
PO1000004449,NAGAMAS AGRO MULIA,NAGAMAS,Riau,1.3,100.4,2,True
PO1000004450,TOR GANDA,TORGANDA,Riau,1.28,100.33,2,True
PO1000004451,INCASI RAYA,INCASI RAYA (GUNAS),Sumatera Barat,-1.32,101.65,2,True
PO1000004452,PALMA ABADI,UNKNOWN,Jambi,-1.32,103.27,2,True
PO1000004453,WARU KALTIM PLANTATION,ASTRA AGRO LESTARI,Kalimantan Timur,-1.33,116.54,2,True
PO1000004454,BUKIT BARISAN INDAH PRIMA,BBIP PALM,Jambi,-1.34,103.46,2,True
PO1000004455,BATANGHARI SAWIT SEJAHTERA,BBIP PALM,Jambi,-1.35,103.54,2,True
PO1000004456,PUJUD KARYA SAWIT,ERA KARYA,Riau,1.38,100.53,2,True
PO1000004457,BUKIT BINTANG SAWIT,UNKNOWN,Jambi,-1.38,103.49,2,True
PO1000004458,SEPANJANG INTISURYA MULIA,GENTING PLANTATIONS,Kalimantan Barat,-1.38,110.48,2,True
PO1000004459,TOR GANDA,TORGANDA,Sumatera Utara,1.4,100.04,2,True
PO1000004461,MAJU INDO RAYA,UNKNOWN,Sumatera Utara,1.41,98.86,2,True
PO1000004462,SINARLIKA PORTIBIJAYA PLANTATION,SUMBER TANI AGUNG,Sumatera Utara,1.43,99.72,2,True
PO1000004464,JAMIKA RAYA,INCASI RAYA (GUNAS),Jambi,-1.44,101.75,2,True
PO1000004465,PETALING MANDRAGUNA,UNKNOWN,Jambi,-1.44,103.63,2,True
PO1000004466,RICKY KURNIAWAN KERTAPERSADA,MAKIN,Jambi,-1.5,103.86,2,True
PO1000004467,TANJUNG BUYU PERKASA PLANTATION,TELADAN PRIMA,Kalimantan Timur,1.51,118.27,2,True
PO1000004468,SUNGAI BAHAR PASIFIK UTAMA,UNKNOWN,Jambi,-1.54,103.63,2,True
PO1000004469,UNGGUL WIDYA TEKNOLOGI LESTARI,WIDYA,Sulawesi Barat,-1.54,119.4,2,True
PO1000004470,MESKOM AGRO SARIMAS,SARIMAS,Riau,1.55,102.09,2,True
PO1000004471,GELIGA BAGAN RIAU,UNKNOWN,Riau,1.6,100.42,2,True
PO1000004474,MURINI SAMSAM,WILMAR GROUP,Riau,1.65,101.64,2,True
PO1000004475,AGRONUSA INVESTAMA,WILMAR GROUP,Kalimantan Barat,0.28,109.73,2,True
PO1000004476,TASIK RAJA,ANGLO-EASTERN PLANTATION (AEP),Sumatera Utara,1.67,100.16,2,True
PO1000004477,PERKEBUNAN NUSANTARA III,PTPN III,Sumatera Utara,1.68,100.32,2,True
PO1000004479,SINAR PERDANA CARAKA,WILMAR GROUP,Riau,1.69,100.56,2,True
PO1000004481,SURYARAYA LESTARI,ASTRA AGRO LESTARI,Sulawesi Barat,-1.69,119.36,2,True
PO1000004482,BICCON AGRO MAKMUR,UNKNOWN,Jambi,-1.74,103.87,2,True
PO1000004483,SUMBER TANI AGUNG,SUMBER TANI AGUNG,Sumatera Utara,1.75,99.98,2,True
PO1000004484,DHARMA WUNGU GUNA,WILMAR GROUP,Riau,1.77,100.49,2,True
PO1000004486,PALM TRIMITRA INDOTAMA,UNKNOWN,Sumatera Utara,3.54,98.79,2,True
PO1000004487,KENCANA ANDALAN NUSANTARA,UNKNOWN,Riau,1.78,100.39,2,True
PO1000004488,BISMA DHARMA KENCANA,BISMA,Kalimantan Tengah,-1.8,113.18,2,True
PO1000004489,KUALA MAS SAWIT ABADI,DUPONT & LEOSK ENTERPRISES,Sumatera Utara,1.81,100.02,2,True
PO1000004490,EKA JAYA MULTI PERKASA,BBIP PALM,Sumatera Selatan,-3.55,103.3,2,True
PO1000004491,DWI MITRA DAYA RIAU,UNKNOWN,Riau,1.81,100.4,2,True
PO1000004492,LANGKAT NUSANTARA KEPONG,KUALA LUMPUR KEPONG (KLK),Sumatera Utara,3.56,98.39,2,True
PO1000004493,PERKEBUNAN MILANO,WILMAR GROUP,Sumatera Utara,1.85,100.15,2,True
PO1000004495,SIMPANG KANAN LESTARINDO,DUTA MARGA,Riau,1.85,100.3,2,True
PO1000004496,HERFINATA PALM AND PLANTATION,HERFINTA,Sumatera Utara,1.85,100.17,2,True
PO1000004497,PERKEBUNAN NUSANTARA IV,PTPN III,Sumatera Utara,3.57,98.95,2,True
PO1000004498,PALMA JAYA SEJAHTERA,UNKNOWN,Jambi,-1.87,103.56,2,True
PO1000004499,BUANA WIRASUBUR SAKTI,UNKNOWN,Kalimantan Timur,-1.89,116.06,2,True
PO1000004500,ASAM JAWA,ASAM JAWA,Sumatera Utara,1.9,100.19,2,True
PO1000004504,JATIM JAYA PERKASA,GAMA PLANTATIONS,Riau,1.95,100.74,2,True
PO1000004505,SARI ADITYA LOKA,ASTRA AGRO LESTARI,Jambi,-1.96,102.37,2,True
PO1000004507,AGRINDO INDAH PERSADA,WILMAR GROUP,Jambi,-1.96,102.3,2,True
PO1000004508,GUNUNG MARAS LESTARI,ORIENTAL HOLDINGS BERHAD,Bangka Belitung,-1.96,105.95,2,True
PO1000004509,ASTRA AGRO LESTARI,ASTRA AGRO LESTARI,Kalimantan Selatan,-1.99,115.51,2,True
PO1000004510,INTIGA PRABHAKARA KAHURIPAN,MAKIN,Kalimantan Tengah,-2.03,112.67,2,True
PO1000004511,GUNUNG SELAMAT LESTARI,DUTA MARGA,Sumatera Utara,2.04,100.04,2,True
PO1000004513,ANUGERAH TANJUNG MEDAN,UNKNOWN,Sumatera Utara,2.06,100.15,2,True
PO1000004514,GUNUNGSAWIT BINALESTARI,ORIENTAL HOLDINGS BERHAD,Bangka Belitung,-2.07,105.32,2,True
PO1000004515,PERUSAHAAN PERKEBUNAN LONDON SUMATRA INDONESIA,LONSUM,Sumatera Selatan,-3.58,103.41,2,True
PO1000004516,SAWINDO KENCANA,KENCANA AGRI,Bangka Belitung,-2.08,105.65,2,True
PO1000004518,TELAGA HIKMAH,SAMPOERNA AGRO,Sumatera Selatan,-3.6,105.06,2,True
PO1000004522,SUMBER SAWIT MEKAR,UNKNOWN,Sumatera Utara,3.65,98.43,2,True
PO1000004523,SINAR GUNUNG SAWIT RAYA,MUJUR TIMBER,Sumatera Utara,2.11,98.27,2,True
PO1000004524,PERKEBUNAN NUSANTARA IV,PTPN III,Sumatera Utara,3.7,98.29,2,True
PO1000004525,GEMAREKSA MEKARSARI,TRURICH RESOURCES,Kalimantan Tengah,-2.13,111.56,2,True
PO1000004526,GRAHA CAKRA MULIA,TRIPUTRA AGRO PERSADA,Kalimantan Tengah,-2.13,111.18,2,True
PO1000004527,PUTRA BANGKA MANDIRI,UNKNOWN,Bangka Belitung,-2.17,106.0,2,True
PO1000004530,INCASI RAYA,INCASI RAYA (GUNAS),Sumatera Barat,-2.18,100.92,2,True
PO1000004531,CAMPANG TIGA,UNKNOWN,Sumatera Selatan,-3.76,104.74,2,True
PO1000004532,PERUSAHAAN PERKEBUNAN LONDON SUMATRA INDONESIA,LONSUM,Sumatera Selatan,-2.19,104.03,2,True
PO1000004533,HUTAN HIJAU MAS,KUALA LUMPUR KEPONG (KLK),Kalimantan Timur,2.21,117.17,2,True
PO1000004534,SERDANG CEMERLANG,UNKNOWN,Sumatera Utara,3.77,98.55,2,True
PO1000004535,SEJATI PALMA SEJAHTERA,UNKNOWN,Sumatera Selatan,-2.21,103.8,2,True
PO1000004536,SUMBER MAKMUR JAYA,UNKNOWN,Sumatera Utara,3.77,98.41,2,True
PO1000004538,PALMA MAS SEJATI,UNKNOWN,Bengkulu,-3.78,102.37,2,True
PO1000004539,AGRA SAWITINDO,SINAR JAYA AGRO INVESTAMA (SJAI),Bengkulu,-3.78,102.4,2,True
PO1000004540,PERKEBUNAN NUSANTARA II,PTPN III,Sumatera Utara,3.8,98.28,2,True
PO1000004541,MAKMUR ABADI RAYA,UNKNOWN,Sumatera Utara,3.81,98.34,2,True
PO1000004544,NUNUKAN SAWIT MAS,UNKNOWN,Kalimantan Timur,3.83,116.76,2,True
PO1000004545,PERKEBUNAN NUSANTARA II,PTPN III,Sumatera Utara,3.84,98.23,2,True
PO1000004546,CIPTA CHEMICAL MEDAN OIL,UNKNOWN,Sumatera Utara,3.85,98.34,2,True
PO1000004548,MUTIARA BUNDA JAYA,SAMPOERNA AGRO,Sumatera Selatan,-3.94,105.11,2,True
PO1000004550,RAYA PADANG LANGKAT,UNKNOWN,Sumatera Utara,3.95,98.37,2,True
PO1000004553,JAYA PALMA NUSANTARA,UNKNOWN,Sumatera Utara,3.96,98.36,2,True
PO1000004554,AGRI ANDALAS,UNKNOWN,Bengkulu,-4.0,102.43,2,True
PO1000004555,SEBAKIS INTI LESTARI,BERCA / CIPTA CAKRA MURDAYA,Kalimantan Timur,4.01,117.25,2,True
PO1000004556,AGRINDO INDAH PERSADA,WILMAR GROUP,Bengkulu,-4.01,102.5,2,True
PO1000004557,ANUGERAH LANGKAT MAKMUR,ALAM GROUP,Sumatera Utara,4.01,98.19,2,True
PO1000004558,SAWIT JAYA MAKMUR SENTOSA,UNKNOWN,Sumatera Utara,4.02,98.21,2,True
PO1000004559,SUMBER MAKMUR JAYA,UNKNOWN,Sumatera Utara,4.03,98.3,2,True
PO1000004560,SAWIT NAGAN RAYA MAKMUR,UNKNOWN,Aceh,4.05,96.47,2,True
PO1000004561,MINANGA OGAN,MINANGA,Sumatera Selatan,-4.05,104.2,2,True
PO1000004563,JAYA BARU PERTAMA,UNKNOWN,Sumatera Utara,4.07,98.22,2,True
PO1000004565,FAJAR BAIZURI & BROTHERS,FAJAR BAIZURY,Aceh,4.12,96.44,2,True
PO1000004567,PERKEBUNAN NUSANTARA I,PTPN III,Aceh,4.18,97.94,2,True
PO1000004568,SISIRAU,IBRIS PALM,Aceh,4.2,98.06,2,True
PO1000004570,MOPOLI RAYA,MOPOLI RAYA,Aceh,4.29,98.15,2,True
PO1000004571,KARYA TANAH SUBUR,ASTRA AGRO LESTARI,Aceh,4.35,96.16,2,True
PO1000004572,BUMI SAMA GANDA,UNKNOWN,Aceh,4.36,98.11,2,True
PO1000004573,PERKEBUNAN NUSANTARA I,PTPN III,Aceh,4.37,98.09,2,True
PO1000004575,ANUGERAH PELANGI SUKSES,SUPERVENTURE,Bengkulu,-4.56,103.11,2,True
PO1000004576,ANUGRAH FAJAR REZEKI,UNKNOWN,Aceh,4.57,97.91,2,True
PO1000004579,BOSWA MEGALOPOLIS,MULTI AGRO GEMILANG PLANTATION,Aceh,4.7,95.67,2,True
PO1000004582,BLANG KETUMBA,UNKNOWN,Aceh,4.98,96.7,2,True
PO1000004583,SYAUKATH SEJAHTERA,UNKNOWN,Aceh,5.23,96.9,2,True
PO1000004650,GENTING SDC SDN BHD,GENTING PLANTATIONS,Sabah,5.97,117.37,1,False
PO1000004655,AGROKARYA PRIMA LESTARI,SINAR MAS,Kalimantan Tengah,-1.97,112.37,2,True
PO1000004656,MITRA KARYA AGRO INDO,SINAR MAS,Kalimantan Tengah,-2.24,112.3,2,True
PO1000004751,GUAICARAMO S.A.,INPARME S.A.,Meta,4.48,-72.96,1,False
PO1000004752,PALMAS DEL CESAR S.A.,UNKNOWN,Cesar,7.89,-73.47,1,False
PO1000004753,EXTRACTORA LA GLORIA S.A.S.,UNKNOWN,Cesar,8.61,-73.68,1,False
PO1000004754,PALMAS ACEITERAS DE HONDURAS EMPRESA CAMPESINA AGROINDUSTRIAL DE LA REFORMA AGRARIA  (HONDUPALMA ECARA),UNKNOWN,Yoro,15.57,-87.69,1,False
PO1000004755,PALMAS CENTROAMERICANAS S.A. DE C.V. (PALCASA),UNKNOWN,Yoro,15.5,-87.7,1,False
PO1000004757,OLEOPALMA,GRUPO OLEOMEX (OLEOFINOS),Chiapas,17.58,-91.94,1,False
PO1000004758,AGROINDUSTRIAS DE MAPASTEPEC S.A.. DE C.V.,GRUPO OLEOMEX (OLEOFINOS),Chiapas,15.34,-92.86,1,False
PO1000004759,PAKAL CONSULTORES EN AGRONEGOCIOS DEL SURESTE,UNKNOWN,Chiapas,15.16,-92.59,1,False
PO1000004760,ACEITE CHIAPANECA LA PALMA S. DE P.R. DE R.L. DE C.V.,GRUPO OLEOMEX (OLEOFINOS),Chiapas,15.32,-92.82,1,False
PO1000004761,PROCESADORA DE ACEITE DE PALMA,UNKNOWN,Chiapas,15.24,-92.59,1,False
PO1000004762,OLEOSUR,GRUPO PROPALMA,Chiapas,15.25,-92.68,1,False
PO1000004763,PALMERAS OLEAGINOSAS DEL SUR S.A. DE C.V.,GRUPO NUMAR,Chiapas,17.57,-92.03,1,False
PO1000004764,OLEOFINOS DEL CARMEN,UNKNOWN,Campeche,18.26,-91.3,1,False
PO1000004765,ACEITES DE PALMA,UNKNOWN,Veracruz,18.05,-94.92,1,False
PO1000004766,CAL Y BLANCO S.A,UNKNOWN,Limón,10.04,-83.34,1,False
PO1000004767,COMPAÑÍA INDUSTRIAL ACEITERA COTO 54 S.A.,GRUPO NUMAR,Atlántico Sur,12.27,-83.83,1,False
PO1000004768,COAPALMA-ECARA (EMPRESA CAMPESINA AGROINDUSTRIAL DE LA REFORMA AGRARIA DE LA PALMA DE ACEITE),UNKNOWN,Colón,15.59,-86.11,1,False
PO1000004771,PALMCI,SIFCA,Comoé,5.36,-3.38,1,False
PO1000004773,PALMCI,SIFCA,Bas-Sassandra,4.97,-7.5,1,False
PO1000004774,PALMCI,SIFCA,Bas-Sassandra,5.24,-7.4,1,False
PO1000004775,SOGB,SOCFIN,Bas-Sassandra,4.68,-7.09,1,False
PO1000004777,PALMCI,SIFCA,Comoé,5.2,-3.04,1,False
PO1000004778,PALMCI,SIFCA,Comoé,5.34,-2.98,1,False
PO1000004780,RUCHI SOYA INDUSTRIES,UNKNOWN,Andhra Pradesh,17.06,82.14,1,False
PO1000004785,BOUSTEAD PELITA TINJAR SDN BHD,BOUSTEAD PLANTATIONS BERHAD,Sarawak,3.73,114.28,1,False
PO1000004786,CHIN TECK PLANTATIONS BHD,CHIN TECK PLANTATIONS BERHAD,Pahang,3.29,102.82,1,False
PO1000004788,SAMLING PLANTATION SDN BHD,GLENEALY PLANTATIONS SDN BHD,Sarawak,3.03,114.09,1,False
PO1000004790,SAMLING PLANTATION SDN BHD,GLENEALY PLANTATIONS SDN BHD,Sarawak,2.52,113.38,1,False
PO1000004794,KENINGAU PALM OIL MILL SDN BHD,SABAH LAND DEVELOPMENT BOARD,Sabah,5.11,116.09,1,False
PO1000004795,TETANGGA AKRAB SDN BHD,TETANGGA AKRAB,Sarawak,1.02,110.69,1,False
PO1000004796,KOONG SHING SDN BHD,N.Y. HIEW (HOLDINGS) SDN BHD,Sabah,4.83,118.06,1,False
PO1000004797,MELANGKING OIL PALM PLANTATION SDN BHD,MELANGKING OIL PALM PLANTATION SDN BHD,Sabah,5.62,118.25,1,False
PO1000004798,RSB LUNDU PALM OIL MILL SDN BHD,RIMBUNAN SAWIT BERHAD,Sarawak,1.51,109.91,1,False
PO1000004799,RINWOOD PELITA (MUKAH) PLANTATION SDN BHD,RINWOOD PELITA (MUKAH) PLANTATION SDN BHD,Sarawak,2.87,112.24,1,False
PO1000004833,SARATOK PALM OIL MILL SDN BHD,SARAWAK LAND CONSOLIDATION AND REHABILITATION AUTHORITY (SALCRA),Sarawak,1.71,111.43,1,False
PO1000004834,SANG GUAN OIL MILL SDN BHD,SEGALONG GROUP,Sabah,4.56,118.18,1,False
PO1000004835,SEONG THYE PLANTATIONS SDN BHD,SEONG THYE PLANTATIONS SDN BHD,Pahang,2.94,103.24,1,False
PO1000004836,THP SARIBAS SDN BHD,TH PLANTATIONS BERHAD,Sarawak,1.67,111.2,1,False
PO1000004838,LADANG PETRI TENGGARA SDN BHD,TRADEWINDS PLANTATION BERHAD,Johor,1.89,103.62,1,False
PO1000004839,TSH PLANTATION MANAGEMENT SDN BHD,TSH RESOURCES,Sabah,4.82,118.09,1,False
PO1000004840,SOUTHWIND PLANTATION SDN BHD,WTK HOLDINGS BHD,Sarawak,3.64,113.5,1,False
PO1000004841,BINA RAHMAD MADANI,TRINITY INTERLINK,Sumatera Utara,3.93,98.18,2,True
PO1000004842,ANEKA PURA MULTI KERTA,UNKNOWN,Jambi,-1.08,103.01,2,True
PO1000004843,SUMBER KHARISMA PERSADA,ASTRA AGRO LESTARI,Kalimantan Timur,1.01,118.05,2,True
PO1000004844,TINTIN BOYOK SAWIT MAKMUR,BARITO PACIFIC,Kalimantan Barat,-0.11,110.73,2,True
PO1000004850,KARYA MAKMUR SEJAHTERA,GOODHOPE,Kalimantan Tengah,-1.92,112.29,1,True
PO1000004852,INTI GUNA NABATI,DHARMA AGUNG WIJAYA (DAW),Jambi,-2.42,102.68,2,True
PO1000004853,MAYA AGRO INVESTAMA,CARGILL,Kalimantan Barat,-2.34,110.97,2,True
PO1000004855,PERKEBUNAN NUSANTARA VI,PTPN III,Sumatera Barat,-1.39,101.48,2,True
PO1000004856,PUNDI LAHAN KHATULISTIWA,PUNDI,Kalimantan Barat,-0.02,109.55,2,True
PO1000004857,JAYA MANDIRI SUKSES,EAGLE HIGH PLANTATIONS,Kalimantan Timur,-0.56,116.37,2,True
PO1000004859,ANUGERAH ENERGITAMA,PALMA SERASIH,Kalimantan Timur,0.79,117.28,2,True
PO1000004860,BINA SAWIT NUSANTARA,SIN TEK HUAT,Riau,0.17,101.33,2,True
PO1000004861,MULIA SAWIT AGRO LESTARI,MULIA SAWIT AGRO LESTARI (MSAL),Kalimantan Tengah,-1.51,113.47,2,True
PO1000004862,TELEN,TELADAN PRIMA,Kalimantan Timur,1.08,117.72,2,True
PO1000004863,PERKEBUNAN NUSANTARA VI,PTPN III,Sumatera Barat,0.01,99.84,2,True
PO1000004864,BINA PRATAMA SAKOTO JAYA,INCASI RAYA (GUNAS),Sumatera Barat,-1.39,101.59,2,True
PO1000004865,BUMI HUTANI LESTARI,EAGLE HIGH PLANTATIONS,Kalimantan Tengah,-1.68,112.94,2,True
PO1000004866,AGRO SEJAHTERA MANUNGGAL,BUMITAMA GUNAJAYA AGRO (BGA),Kalimantan Barat,-2.55,110.38,2,True
PO1000004867,SUKSES KARYA SAWIT,IOI CORPORATION,Kalimantan Barat,-2.8,110.59,2,True
PO1000004868,BUMI SAWINDO PERMAI,BUKIT ASAM,Sumatera Selatan,-3.85,103.8,2,True
PO1000004869,PATIWARE,GAMA PLANTATIONS,Kalimantan Barat,0.74,108.94,2,True
PO1000004922,BERLIAN INTI MEKAR,MAHKOTA,Riau,0.64,101.98,2,True
PO1000004924,MAKMUR ANUGERAH SAWITINDO,UNKNOWN,Sumatera Utara,3.7,98.51,2,True
PO1000004925,SURYA BORNEO INDAH,BINTANG HARAPAN DESA (BHD),Kalimantan Barat,-0.04,110.19,2,True
PO1000004927,PERKEBUNAN NUSANTARA III,PTPN III,Riau,1.64,100.42,2,True
PO1000004929,PERKEBUNAN NUSANTARA III,PTPN III,Sumatera Utara,1.71,100.29,2,True
PO1000004930,WINDU NABATINDO LESTARI,BUMITAMA GUNAJAYA AGRO (BGA),Kalimantan Tengah,-1.88,113.03,2,True
PO1000004931,SWADAYA SAPTA PUTRA,MERBAUJAYA INDAHRAYA,Kalimantan Tengah,-1.99,112.83,2,True
PO1000004932,NIRMALA AGRO LESTARI,ASTRA AGRO LESTARI,Kalimantan Tengah,-2.09,111.49,2,True
PO1000004934,PUCUK JAYA,CHELLAM PLANTATIONS,Kalimantan Timur,-2.23,116.05,2,True
PO1000004935,SARI LEMBAH SUBUR,ASTRA AGRO LESTARI,Riau,-0.05,102.25,2,True
PO1000004937,SABUT MAS ABADI,MEDCO AGRO,Kalimantan Tengah,-2.54,111.67,2,True
PO1000004938,SRIWIJAYA PALM OIL INDONESIA,SRIWIJAYA PALM OIL,Sumatera Selatan,-2.83,104.74,2,True
PO1000004940,SINAR TENERA,UNKNOWN,Sumatera Utara,3.07,99.2,2,True
PO1000004942,MITRA PUDING MAS,ANGLO-EASTERN PLANTATION (AEP),Bengkulu,-3.13,101.6,2,True
PO1000004944,PERKEBUNAN NUSANTARA II,PTPN III,Sumatera Utara,3.53,98.9,2,True
PO1000004945,BIO NUSANTARA TEKNOLOGI,UNKNOWN,Bengkulu,-3.64,102.24,2,True
PO1000004946,BUANA KARYA BHAKTI,GAGAH PUTERA SATRIA (GPS),Kalimantan Selatan,-3.67,115.48,2,True
PO1000004947,TUNAS SAWA ERMA,KORINDO,Papua,-6.61,140.56,2,True
PO1000004948,PERKEBUNAN NUSANTARA III,PTPN III,Sumatera Utara,2.9,99.51,2,True
PO1000004955,AGROPALMA,AGROPALMA,Pará,-2.54,-48.71,1,False
PO1000004976,"S.P.O AGRO-INDUSTRIES CO, LTD",UNKNOWN,Nakhon Si Thammarat,8.98,99.88,1,False
PO1000005085,"INDUSTRIAS DE JABONES Y DETERGENTES LAS PALMAS, S. A.",UNKNOWN,Escuintla,14.04,-91.12,1,False
PO1000005100,PARIT SEMBADA,KUALA LUMPUR KEPONG (KLK),Bangka Belitung,-2.74,108.0,2,True
PO1000005104,WINDU NABATINDO LESTARI,BUMITAMA GUNAJAYA AGRO (BGA),Kalimantan Tengah,-2.09,113.03,2,True
PO1000005106,NIKMAT HALONA REKSA,UNKNOWN,Riau,-0.73,102.52,2,True
PO1000005117,ACEITES MANUELITA,MANUELITA,Meta,3.88,-73.34,1,False
PO1000005128,PERKEBUNAN NUSANTARA V,PTPN III,Riau,0.73,100.58,2,True
PO1000005145,NAULI SAWIT,UNKNOWN,Sumatera Utara,2.08,98.31,2,True
PO1000005155,KATINGAN INDAH UTAMA,MAKIN,Kalimantan Tengah,-2.11,112.75,2,True
PO1000005202,ANDIKA PERMATA SAWIT LESTARI,ANDIKA,Riau,1.09,100.78,2,True
PO1000005203,SURYAINDAH NUSANTARA PAGI,ASTRA AGRO LESTARI,Kalimantan Tengah,-2.26,111.98,2,True
PO1000005204,KENCANA KATARA KEWALA,UNKNOWN,Bengkulu,-3.36,101.83,2,True
PO1000005205,GRAND MANDIRI UTAMA,TIANJIN JULONG,Kalimantan Barat,0.47,111.21,2,True
PO1000005206,BENGKULU SAWIT LESTARI,UNKNOWN,Bengkulu,-4.53,103.06,2,True
PO1000005208,KARANG JUANG HIJAU LESTARI,FANGIONO AGRO PLANTATION,Kalimantan Timur,4.04,116.93,2,True
PO1000005210,CIPTATANI KUMAI SEJAHTERA,MEDCO AGRO,Kalimantan Tengah,-2.18,112.03,2,True
PO1000005212,PERKEBUNAN SUMATERA UTARA,UNKNOWN,Sumatera Utara,3.3,99.28,2,True
PO1000005218,TIRTA MADU,CILIANDRY ANKY ABADI,Kepulauan Riau,1.04,104.6,2,True
PO1000005219,TIRTAMADU SAWIT JAYA,FANGIONO AGRO PLANTATION,Kalimantan Timur,4.11,117.04,2,True
PO1000005221,TUNAS SAWA ERMA,KORINDO,Papua,-6.65,140.28,2,True
PO1000005222,FIRST LAMANDAU TIMBER INTERNATIONAL,TRIPUTRA AGRO PERSADA,Kalimantan Tengah,-1.85,111.47,2,True
PO1000005223,PALMCI,SIFCA,Comoé,5.29,-3.05,1,False
PO1000005224,PALMCI,SIFCA,Lagunes,5.3,-4.8,1,False
PO1000005225,PALMCI,SIFCA,Bas-Sassandra,4.68,-7.41,1,False
PO1000005226,PALMCI,SIFCA,Bas-Sassandra,4.57,-7.51,1,False
PO1000005246,MASRANTI PLANTATION SDN BHD,HARN LEN CORPORATION BHD,Sarawak,1.12,110.82,1,False
PO1000005256,MAHAMURNI PLANTATIONS SDN BHD,KULIM (MALAYSIA) BERHAD,Johor,2.02,103.95,1,False
PO1000005281,MURINI SAMSAM,WILMAR GROUP,Riau,1.06,101.24,2,True
PO1000005302,KARYA MAKMUR BAHAGIA,BUMITAMA GUNAJAYA AGRO (BGA),Kalimantan Tengah,-1.57,112.72,2,True
PO1000005328,CHUMPORN PALM OIL INDUSTRY PUBLIC COMPANY LTD,UNKNOWN,Prachuap Khiri Khan,10.96,99.41,1,False
PO1000005375,"THAI TALLOW AND OIL CO, LTD",UNKNOWN,Surat Thani,8.61,99.0,1,False
PO1000005442,PERKEBUNAN NUSANTARA VI,PTPN III,Jambi,-1.38,102.17,2,True
PO1000005484,NORPALM GHANA LTD,NORPALM GHANA LIMITED,Western,4.93,-1.9,1,False
PO1000005521,GENTING SDC SDN BHD,GENTING PLANTATIONS,Sabah,5.42,118.27,1,False
PO1000005560,NATURACEITES S.A.,NATURACEITES S.A.,Izabal,15.31,-89.62,1,False
PO1000005580,SELAPAN JAYA,SAMPOERNA AGRO,Sumatera Selatan,-3.71,105.1,2,True
PO1000005626,ISAN PALM INDUSTRY DEVELOPMENT COMPANY LTD,UNKNOWN,Sakon Nakhon,17.6,103.86,1,False
PO1000005713,TSH PLANTATION MANAGEMENT SDN BHD,TSH RESOURCES,Sabah,5.32,118.04,1,False
PO1000005719,PRESCO PLC,SIAT,Edo,6.14,5.71,1,False
PO1000005793,JABONTARA EKA KARSA,KUALA LUMPUR KEPONG (KLK),Kalimantan Timur,1.24,118.34,2,True
PO1000005803,LANGKAT NUSANTARA KEPONG,KUALA LUMPUR KEPONG (KLK),Sumatera Utara,3.76,98.39,2,True
PO1000005868,PERKEBUNAN NUSANTARA IV,PTPN III,Sumatera Utara,3.11,99.33,2,True
PO1000006106,ORGANIC SUPPLY S.A.,UNKNOWN,Santo Domingo de los Tsachilas,-0.13,-79.44,1,False
PO1000006136,OLMECA,GRUPO HAME,San Marcos,14.64,-92.15,1,False
PO1000006137,AGROACEITE SA,AGROAMERICA,Quezaltenango,14.56,-92.01,1,False
PO1000006138,SANTA ROSA S.A.,GRUPO HAME,Escuintla,14.22,-91.4,1,False
PO1000006144,TEGUH KARSA WANALESTARI,UNKNOWN,Riau,0.93,102.02,2,True
PO1000006145,INDONESIA PLANTATION SYNERGY,IJM PLANTATIONS BERHAD,Kalimantan Timur,0.79,118.0,2,True
PO1000006147,PERKEBUNAN NUSANTARA V,PTPN III,Riau,0.78,100.61,2,True
PO1000006150,BIMA PALMA NUGRAHA,BIMA PALMA,Kalimantan Timur,0.75,117.41,2,True
PO1000006152,RIAU KAMPAR SAHABAT SEJATI,UNKNOWN,Riau,0.66,100.9,2,True
PO1000006153,PERSADA NUSA NABATI INDONESIA,UNKNOWN,Riau,0.65,101.49,2,True
PO1000006156,SAWIT SUKSES SEJAHTERA,EAGLE HIGH PLANTATIONS,Kalimantan Timur,0.42,116.49,2,True
PO1000006158,BOUSTEAD PLANTATIONS BHD,BOUSTEAD PLANTATIONS BERHAD,Kelantan,5.48,102.22,1,False
PO1000006159,PERKEBUNAN NUSANTARA V,PTPN III,Riau,0.33,101.35,2,True
PO1000006160,PALMAFRIQUE,PALMAFRIQUE,Abidjan,5.32,-3.8,1,False
PO1000006161,USAHA SAWIT MANDIRI,SUPERVENTURE,Sumatera Barat,0.31,99.45,2,True
PO1000006165,B-BOVID GHANA,B-BOVID GHANA,Western,4.94,-1.86,1,False
PO1000006167,WARIS SELESA SDN BHD,DITALI SDN BHD,Sabah,4.87,118.09,1,False
PO1000006169,CHIN TECK PLANTATIONS BHD,CHIN TECK PLANTATIONS BERHAD,Kelantan,4.84,102.0,1,False
PO1000006173,INTI INDOSAWIT SUBUR,ROYAL GOLDEN EAGLE,Riau,-0.1,101.3,2,True
PO1000006176,PERSADA AGRO SAWITA,UNKNOWN,Riau,-0.41,102.36,2,True
PO1000006177,FGV PALM INDUSTRIES SDN BHD,FGV HOLDINGS BERHAD,Pahang,4.29,102.08,1,False
PO1000006178,ALIANZA DEL HUMEA S.A.S.,INPARME S.A.,Meta,4.27,-72.98,1,False
PO1000006180,SARAWAK OIL PALMS BHD,SARAWAK OIL PALMS BERHAD,Sarawak,4.02,114.29,1,False
PO1000006181,TALANG JERINJING SAWIT,UNKNOWN,Riau,-0.46,102.47,2,True
PO1000006182,KARIMUN AROMATICS,UNKNOWN,Sumatera Utara,4.01,98.15,2,True
PO1000006184,SUMATERA MAKMUR LESTARI,INCASI RAYA (GUNAS),Riau,-0.66,102.34,2,True
PO1000006186,KEMILAU PERMATA SAWIT,SUPERVENTURE,Sumatera Barat,-0.9,101.4,2,True
PO1000006188,AGRO INDOMAS,GOODHOPE,Kalimantan Timur,-1.01,116.69,2,True
PO1000006189,TIAN SIANG OILL MILL (PAHANG) SDN BHD,TIAN SIANG HOLDINGS SDN BHD,Pahang,3.99,101.79,1,False
PO1000006192,ANSON OIL INDUSTRIES SDN BHD,MHC PLANTATIONS BHD,Perak,3.96,101.2,1,False
PO1000006194,KEMA DEVELOPMENT SDN BHD,KEMA DEVELOPMENT SDN BHD,Pahang,3.73,102.89,1,False
PO1000006195,DENDE DO PARA S A DENPASA,UNKNOWN,Pará,-1.19,-48.12,1,False
PO1000006198,SUKSES TANI NUSASUBUR,ASTRA AGRO LESTARI,Kalimantan Timur,-1.38,116.47,2,True
PO1000006199,SRI SENGGORA KILANG KELAPA SAWIT SDN BHD,SERN LEE ENTERPRISE SDN BHD,Pahang,3.6,102.92,1,False
PO1000006200,BONITO - PA,UNKNOWN,Pará,-1.39,-47.26,1,False
PO1000006202,LANGKAT SAWITHIJAU PRATAMA,UNKNOWN,Sumatera Utara,3.5,98.22,2,True
PO1000006204,KILANG MINYAK KELAPA SAWIT SEMANTAN SDN BHD,NG CHIN SIU & SONS GROUP,Pahang,3.47,102.31,1,False
PO1000006205,SAHABAT SAWIT SEJAHTERA,UNKNOWN,Kalimantan Timur,-1.48,116.32,2,True
PO1000006206,KILANG SAWIT C.P. SDN BHD,BELL GROUP,Pahang,3.44,102.49,1,False
PO1000006208,CITRA SAWIT HARUM,HARUM AGRO,Jambi,-1.74,102.05,2,True
PO1000006210,HARAPAN SAWIT SEJAHTERA,UNKNOWN,Kalimantan Timur,-1.75,116.12,2,True
PO1000006211,PUJAAN MAKMUR OIL MILL SDN BHD,TIAN SIANG HOLDINGS SDN BHD,Pahang,3.18,102.46,1,False
PO1000006212,SURYA UTAMA AGROLESTARI,UNKNOWN,Jambi,-1.81,103.43,2,True
PO1000006213,SOUTHERN REALTY (MALAYA) SDN BHD,SOUTHERN GROUP,Selangor,3.14,101.39,1,False
PO1000006217,MARBORGES AGROINDUSTRIA SA,UNKNOWN,Pará,-1.99,-48.61,1,False
PO1000006218,BIOPALMA DA AMAZÔNIA S.A. REFLORESTAMENTO INDÚSTRIA E COMÉRCIO,VALE S.A.,Pará,-2.05,-48.28,1,False
PO1000006222,KEMILAU PERMATA SAWIT,SUPERVENTURE,Sumatera Barat,-2.2,101.09,2,True
PO1000006223,ENG HONG PALM OIL MILL SDN BHD,ENG HONG PALM OIL MILL SDN BHD,Selangor,2.86,101.47,1,False
PO1000006224,BIOPALMA DA AMAZÔNIA S.A. REFLORESTAMENTO INDÚSTRIA E COMÉRCIO,VALE S.A.,Pará,-2.23,-48.86,1,False
PO1000006225,BANYU KAHURIPAN INDONESIA,MAKIN,Sumatera Selatan,-2.26,104.31,2,True
PO1000006226,SARASWANTI SAWIT MAKMUR,SARASWANTI,Kalimantan Timur,-2.27,116.02,2,True
PO1000006227,BANGUN JAYA ALAM PERMAI,BEST INDUSTRY,Kalimantan Tengah,-2.3,111.97,2,True
PO1000006230,PESONALINTAS SURASEJATI,EAGLE HIGH PLANTATIONS,Kalimantan Selatan,-2.63,116.16,2,True
PO1000006231,SUTOPO LESTARI JAYA,UNKNOWN,Sumatera Selatan,-2.8,104.74,2,True
PO1000006232,TRANSPACIFIC AGRO INDUSTRY,PROVIDENT AGRO,Sumatera Selatan,-2.8,104.9,2,True
PO1000006234,HARN LEN CORPORATION BHD,HARN LEN CORPORATION BHD,Pahang,2.78,102.96,1,False
PO1000006236,HASNUR CITRA TERPADU,HASNUR,Kalimantan Selatan,-2.96,114.99,2,True
PO1000006237,PERKEBUNAN NUSANTARA VII,PTPN III,Sumatera Selatan,-2.97,104.12,2,True
PO1000006239,PERKEBUNAN NUSANTARA VII,PTPN III,Sumatera Selatan,-3.49,104.04,2,True
PO1000006240,PERKEBUNAN NUSANTARA VII,PTPN III,Sumatera Selatan,-3.55,103.84,2,True
PO1000006241,GAN TENG SIEW REALTY SDN BHD,GAN TENG SIEW REALTY SDN BHD,Negeri Sembilan,2.58,102.0,1,False
PO1000006242,BELL SRI LINGGA SDN BHD,BELL GROUP,Melaka,2.38,101.99,1,False
PO1000006244,POLA KAHURIPAN INTI SAWIT,MAKIN,Kalimantan Selatan,-3.81,115.17,2,True
PO1000006246,KINTAP JAYA WATTINDO,J.A. WATTIE (JAWA),Kalimantan Selatan,-3.9,115.21,2,True
PO1000006247,KENCANA INTI PERKASA,UNKNOWN,Sumatera Utara,2.57,99.58,2,True
PO1000006249,CITRA PUTRA KEBUN ASRI,SINAR ALAM,Kalimantan Selatan,-3.94,114.95,2,True
PO1000006251,BUMIRAYA INVESTINDO,GOLDEN PLANTATION,Kalimantan Selatan,-3.97,116.1,2,True
PO1000006257,NUBIKA JAYA,PERMATA HIJAU,Sumatera Utara,1.95,100.1,2,True
PO1000006258,SALIM IVOMAS PRATAMA,SALIM GROUP,Riau,1.76,100.62,2,True
PO1000006259,MERIDAN SEJATISURYA PLANTATION,FIRST RESOURCES,Riau,1.72,101.38,2,True
PO1000006261,PH PALM EXPRESS SDN BHD,PH PALM EXPRESS CORPORATION,Johor,1.6,104.21,1,False
PO1000006264,PERKEBUNAN NUSANTARA III,PTPN III,Sumatera Utara,1.45,99.07,2,True
PO1000006266,YUDHA WAHANA ABADI,TRIPUTRA AGRO PERSADA,Kalimantan Timur,1.44,117.21,2,True
PO1000006268,PANCASURYA AGRINDO,FIRST RESOURCES,Riau,1.16,100.51,2,True
PO1000006269,VICTORINDO ALAM LESTARI,PERMATA HIJAU,Sumatera Utara,1.14,99.77,2,True
PO1000006293,GUNTA SAMBA,SALIM GROUP,Kalimantan Timur,1.21,117.81,2,True
PO1000006294,KALIREJO LESTARI,SINAR JAYA AGRO INVESTAMA (SJAI),Lampung,-5.23,104.95,2,True
PO1000006295,ANAKTUHA SAWIT MANDIRI,SINAR JAYA AGRO INVESTAMA (SJAI),Lampung,-5.1,105.19,2,True
PO1000006301,SINAR JAYA INTI MULYA,SINAR JAYA AGRO INVESTAMA (SJAI),Lampung,-5.07,105.3,1,True
PO1000006304,MUKAH KILANG KELAPA SAWIT SDN BHD,MUKAH KILANG KELAPA SAWIT SDN BHD,Sarawak,2.91,112.31,1,False
PO1000006305,UNITED PALM OIL INDUSTRY PUBLIC COMPANY LTD (UPOIC),LAM SOON (THAILAND),Krabi,8.19,98.98,1,False
PO1000006309,KEBUN MANDIRI SEJAHTERA,SALIM GROUP,Kalimantan Timur,-1.28,116.64,2,True
PO1000006310,MEGA HIJAU LESTARI,UNKNOWN,Kalimantan Timur,-1.24,116.64,2,True
PO1000006312,PALMA & TRABAJO S.A.S.,DAABON GROUP,Santander,7.24,-73.8,1,False
PO1000006313,PROCESADORA DE ACEITE ORO ROJO LTDA,INDUPALMA,Santander,7.38,-73.57,1,False
PO1000006316,PALMA SUR S.A.,UNKNOWN,Petén,16.43,-90.34,1,False
PO1000006321,SIME DARBY PLANTATION BHD,SIME DARBY,Selangor,2.68,101.73,1,False
PO1000006323,KERRY SAWIT INDONESIA,WILMAR GROUP,Kalimantan Tengah,-2.7,112.48,2,True
PO1000006328,GUNA AGUNG SEMESTA,UNKNOWN,Riau,0.99,101.24,2,True
PO1000006329,KULA PALM OIL LTD - HIGATURU OIL PALMS,NBPOL,Oro,-8.77,148.16,1,False
PO1000006331,HENRISON INTI PERSADA,NOBEL PLANTATION,Papua Barat,-1.07,131.56,2,True
PO1000006339,GREENGLORY CO.,UNKNOWN,Surat Thani,9.32,99.13,1,False
PO1000006340,PERKEBUNAN NUSANTARA VII,PTPN III,Sumatera Selatan,-2.85,104.16,2,True
PO1000006344,MITRA INTISEJATI PLANTATION,SALIM GROUP,Kalimantan Barat,1.17,109.59,2,True
PO1000006345,SANDABI INDAH LESTARI,GURITAS LINTAS SAMUDERA,Bengkulu,-3.31,102.09,2,True
PO1000006346,GUNTA SAMBA JAYA,SALIM GROUP,Kalimantan Timur,1.37,117.14,2,True
PO1000006347,SARAWAK OIL PALMS BHD,SARAWAK OIL PALMS BERHAD,Sarawak,3.2,113.51,1,False
PO1000006348,HARDAYA INTI PLANTATIONS,BERCA / CIPTA CAKRA MURDAYA,Sulawesi Tengah,1.03,121.36,2,True
PO1000006349,OLECOCOL,C.I BIOCOSTA S.A,Meta,4.3,-73.05,1,False
PO1000006350,UNIPALMA S.A.,UNKNOWN,Meta,4.22,-73.26,1,False
PO1000006353,RISDA ESTATES SDN BHD,RISDA ESTATES SDN BHD,Trengganu,4.6,103.2,1,False
PO1000006354,FGV PALM INDUSTRIES SDN BHD,FGV HOLDINGS BERHAD,Kelantan,4.94,102.43,1,False
PO1000006356,KULA PALM OIL LTD - HIGATURU OIL PALMS,NBPOL,Oro,-8.74,148.2,1,False
PO1000006357,OLEOPALMA,GRUPO OLEOMEX (OLEOFINOS),Tabasco,17.74,-92.78,1,False
PO1000006362,KAPUASINDO PALM INDUSTRY,SINAR MAS,Kalimantan Barat,1.02,111.88,2,True
PO1000006363,KIAN HOE PLANTATIONS BHD,KIAN HOE PLANTATIONS BHD,Johor,2.01,103.3,1,False
PO1000006365,USAHA AGRO INDONESIA,SAMPOERNA AGRO,Kalimantan Barat,-2.68,110.98,2,True
PO1000006366,KAYUNG AGRO LESTARI,ANJ AGRO,Kalimantan Barat,-1.45,110.23,2,True
PO1000006370,SAWIT MAS NUGRAHA PERDANA,ASAM JAWA,Kalimantan Tengah,-2.66,112.25,2,True
PO1000006373,BUKIT ROTAN PALM OIL MILLS,BUKIT ROTAN PALM OIL MILLS,Selangor,3.3,101.37,1,False
PO1000006376,WANASARI NUSANTARA,SOUTHERN ACIDS BERHAD,Riau,-0.29,101.47,2,True
PO1000006389,BOUSTEAD PLANTATIONS BHD,BOUSTEAD PLANTATIONS BERHAD,Perak,4.67,100.71,1,False
PO1000006502,FGV PALM INDUSTRIES SDN BHD,FGV HOLDINGS BERHAD,Pahang,2.97,102.96,1,False
PO1000006505,GUNTUNG IDAMAN NUSA,MUSIM MAS,Riau,0.05,103.21,2,True
PO1000006576,OLAM PALM GABON S.A.,OLAM INTERNATIONAL,Ngounié,-1.65,10.85,1,False
PO1000006652,GUNUNG PELAWAN LESTARI,MP EVANS,Bangka Belitung,-1.62,105.99,2,True
PO1000006977,SINAR KENCANA INTI PERKASA,SINAR MAS,Papua,-2.97,140.03,2,True
PO1000006984,AGROLESTARI SENTOSA,SINAR MAS,Kalimantan Tengah,-1.35,113.5,2,True
PO1000006989,FGV PALM INDUSTRIES SDN BHD,FGV HOLDINGS BERHAD,Pahang,4.24,102.11,1,False
PO1000006992,FGV PALM INDUSTRIES SDN BHD,FGV HOLDINGS BERHAD,Johor,2.74,102.7,1,False
PO1000006998,FGV PALM INDUSTRIES SDN BHD,FGV HOLDINGS BERHAD,Negeri Sembilan,3.0,102.48,1,False
PO1000007000,FGV PALM INDUSTRIES SDN BHD,FGV HOLDINGS BERHAD,Kelantan,4.94,102.2,1,False
PO1000007049,RH SELANGAU PALM OIL MILL SDN BHD,RIMBUNAN HIJAU GROUP,Sarawak,2.52,112.33,1,False
PO1000007051,SIME DARBY PLANTATION BHD,SIME DARBY,Sabah,4.67,118.2,1,False
PO1000007052,SUBUR ARUM MAKMUR,FIRST RESOURCES,Riau,0.98,100.78,2,True
PO1000007053,AWAN TIMUR MANAGEMENT SDN BHD,AWAN TIMUR GROUP,Johor,1.97,103.98,1,False
PO1000007305,KH REGIONAL GROUP INC.,UNKNOWN,Petén,16.23,-90.15,1,False
PO1000007396,MULTI PERSADA GATRA MEGAH,MUSIM MAS,Kalimantan Tengah,-0.77,114.74,2,True
PO1000007432,AGRO PALINDO SAKTI,WILMAR GROUP,Kalimantan Barat,0.3,110.2,2,True
PO1000007433,AGROINPLA S.A.,UNKNOWN,Santo Domingo de los Tsachilas,-0.07,-79.37,1,False
PO1000007434,AGROINCE LTDA Y CIA SCA,AGROINDUSTRIAS DEL SUR DEL CESAR LIMITADA,Cesar,8.11,-73.57,1,False
PO1000007436,AGRO BUKIT,GOODHOPE,Kalimantan Selatan,-3.45,115.64,2,True
PO1000007437,SINAR AGRO RAYA,MUSIM MAS,Riau,0.42,101.76,2,True
PO1000007438,EXTRACTORA AGRICOLA RIO MANSO,LA FABRIL,Esmeraldas,0.33,-79.37,1,False
PO1000007440,LUBOK ANTU PALM OIL MILL SDN BHD,SARAWAK LAND CONSOLIDATION AND REHABILITATION AUTHORITY (SALCRA),Sarawak,1.17,111.76,1,False
PO1000007441,SINAR HALOMOAN,UNKNOWN,Sumatera Utara,1.06,99.83,2,True
PO1000007442,SULTRA PRIMA LESTARI,UNKNOWN,Sulawesi Tenggara,-3.45,122.17,2,True
PO1000007443,DUTA MENTARI RAYA,PPA KAPITAL,Riau,-0.35,101.4,2,True
PO1000007447,OLEODAVILA,UNKNOWN,Manabi,-0.57,-79.5,1,False
PO1000007448,SUMBER KENCANA INDO PALMA,UNKNOWN,Riau,-0.68,102.5,2,True
PO1000007449,MEDCO PAPUA HIJAU SELARAS,MEDCO AGRO,Papua Barat,-0.81,133.6,2,True
PO1000007453,CEMPAKA MAS ABADI GROUP,UNKNOWN,Kalimantan Tengah,-2.61,111.78,1,True
PO1000007457,ANUGERAH TANI MAKMUR,UNKNOWN,Riau,0.54,101.6,2,True
PO1000007462,MITRA ABADIMAS SEJAHTERA,TANJUNG RHU PLANTATION,Kalimantan Barat,1.18,109.44,2,True
PO1000007463,KALIMANTAN AGRO PUSAKA,UNKNOWN,Kalimantan Barat,-0.83,109.89,2,True
PO1000007464,MITRASARI PRIMA,UNKNOWN,Riau,0.14,101.71,2,True
PO1000007465,VICHITBHAN PALMOIL PUBLIC COMPANY LTD,VICHITBHAN GROUP,Chumphon,10.43,99.13,1,False
PO1000007466,PERUSAHAAN PERKEBUNAN LONDON SUMATRA INDONESIA,LONSUM,Sumatera Selatan,-3.64,103.45,2,True
PO1000007467,BIMA AGRI SAWIT,BIMA PALMA,Kalimantan Timur,1.26,117.6,2,True
PO1000007468,ASIA SAWIT LESTARI,UNKNOWN,Jambi,-1.84,103.38,2,True
PO1000007469,SURYA GEMILANG AGRO MANDIRI,UNKNOWN,Jambi,-1.27,103.81,2,True
PO1000007471,ASIAN PALM OIL COMPANY,UNKNOWN,Krabi,8.38,98.72,1,False
PO1000007472,TAGAR PROPERTIES SDN BHD,PROSPER GROUP,Selangor,3.44,101.47,1,False
PO1000007473,MULTI AGRINDO SUMATERA,UNKNOWN,Sumatera Utara,3.35,98.95,2,True
PO1000007474,BANYU KAHURIPAN INDONESIA,MAKIN,Sumatera Selatan,-2.23,104.33,2,True
PO1000007475,NAMHONG PALM OIL CO.,UNKNOWN,Krabi,8.26,99.08,1,False
PO1000007477,PERKEBUNAN NUSANTARA VII,PTPN III,Lampung,-5.07,105.13,2,True
PO1000007478,NEW BRITAIN PALM OIL,NBPOL,West New Britain,-5.52,150.03,1,False
PO1000007481,BINA MITRA MAKMUR,SUPERVENTURE,Jambi,-1.5,102.24,2,True
PO1000007483,BIOPLANTA PALMERA PARA EL DESARROLLO S.A.,C.I BIOCOSTA S.A,Antioquia,7.57,-76.61,1,False
PO1000007485,BORNEO KETAPANG INDAH,CILIANDRY ANKY ABADI,Kalimantan Tengah,-1.75,115.04,2,True
PO1000007486,BUDI NABATI PERKASA,UNKNOWN,Jambi,-1.69,102.16,2,True
PO1000007489,FGV PALM INDUSTRIES SDN BHD,FGV HOLDINGS BERHAD,Pahang,3.4,102.97,1,False
PO1000007490,GODREJ AGROVET LTD,UNKNOWN,Telangana,17.21,80.94,1,False
PO1000007492,CONDONG GARUT,J.A. WATTIE (JAWA),Jawa Barat,-7.59,107.66,2,True
PO1000007493,"CORPORACION AGROINDUSTRIAL DE PALMICULTORES, S.A.(CORAPSA)",UNKNOWN,Atlántida,15.7,-87.57,1,False
PO1000007494,CORPORACION INDUSTRIAL BARU S.A. (CIBA S.A.),UNKNOWN,Chiriquí,8.42,-82.79,1,False
PO1000007496,DHARMASRAYA SAWIT LESTARI,UNKNOWN,Sumatera Barat,-1.15,101.74,2,True
PO1000007497,DD PALM OIL MILL SDN BHD,DOUBLE DYNASTY SDN BHD,Sarawak,3.14,113.31,1,False
PO1000007500,EBASA,UNKNOWN,Chiriquí,8.32,-82.82,1,False
PO1000007502,EXTRACTORA MARIA LA BAJA S.A.,OLEOFLORES,Bolívar,9.92,-75.33,1,False
PO1000007503,THACHANG PALM INDUSTRY,UNKNOWN,Surat Thani,9.28,99.14,1,False
PO1000007504,PALMAS DEL HORIZONTE S.A.,GRUPO HAME,Quezaltenango,14.56,-91.94,1,False
PO1000007505,SOUTHERN REALTY (MALAYA) SDN BHD,SOUTHERN GROUP,Selangor,2.65,101.66,1,False
PO1000007507,"THACHANA PALM OIL CO., LTD",UNKNOWN,Surat Thani,9.61,99.12,1,False
PO1000007508,GEMILANG SAWIT LESTARI,UNKNOWN,Riau,-0.45,101.83,2,True
PO1000007509,GOLDEN OILINDO NUSANTARA,UNKNOWN,Sumatera Selatan,-3.12,104.69,2,True
PO1000007510,THAI EASTERN TRAT CO,UNKNOWN,Trat,12.3,102.47,1,False
PO1000007511,TRI BAKTI SARIMAS,SARIMAS,Riau,-0.86,101.75,2,True
PO1000007512,VICHITBHAN PALMOIL PUBLIC COMPANY LTD,VICHITBHAN GROUP,Chumphon,10.7,99.2,1,False
PO1000007514,THASAE CO-OP,UNKNOWN,Chumphon,10.71,99.14,1,False
PO1000007515,ICHTIAR GUSTI PUDI,AHMAD ZAKI RESOURCES BERHAD,Kalimantan Barat,0.23,109.85,2,True
PO1000007519,TRINITY PALMAS PLANTATION,TRINITY INTERLINK,Sulawesi Barat,-2.06,119.34,2,True
PO1000007520,"PALM PATTANA SOUTHERN BORDER CO., LTD",UNKNOWN,Pattani,6.81,101.15,1,False
PO1000007522,NEW BRITAIN PALM OIL,NBPOL,West New Britain,-5.49,150.09,1,False
PO1000007523,TUNAS BARU LAMPUNG,SUNGAI BUDI,Riau,0.48,101.6,2,True
PO1000007524,JABAL PERKASA,UNKNOWN,Riau,1.06,100.13,2,True
PO1000007526,JUGRA PALM OIL MILL SDN BHD,JUGRA PALM OIL MILL SDN BHD,Selangor,2.85,101.47,1,False
PO1000007527,FELCRA JAYAPUTRA SDN BHD,FELCRA BERHAD,Pahang,3.98,102.22,1,False
PO1000007528,AGRI EASTBORNEO KENCANA,KENCANA AGRI,Kalimantan Timur,0.13,116.92,2,True
PO1000007529,VAREM SAWIT CEMERLANG,UNKNOWN,Sumatera Utara,2.67,99.67,2,True
PO1000007530,KILANG KELAPA SAWIT JERANTUT SDN BHD,KILANG KELAPA SAWIT JERANTUT SDN BHD,Pahang,3.86,102.35,1,False
PO1000007531,PALMICULTORES DEL NORTE S.A.S.,UNKNOWN,Norte de Santander,8.54,-72.64,1,False
PO1000007532,BUANA HIJAU ABADI,TRIPUTRA AGRO PERSADA,Kalimantan Barat,0.52,111.58,2,True
PO1000007533,WAWASAN KEBUN NUSANTARA,GAMA PLANTATIONS,Kalimantan Barat,1.27,109.82,2,True
PO1000007534,KALIMANTAN SANGGAR PUSAKA,LYMAN AGRO,Kalimantan Barat,0.08,111.19,2,True
PO1000007535,PALMINDO MITRA LESTARI,SAMTAN,Bangka Belitung,-1.99,105.89,2,True
PO1000007536,SIN HUAT HIN,SIN HUAT HIN,Selangor,3.34,101.29,1,False
PO1000007537,CAHAYA INTI SAWIT,UNKNOWN,Sumatera Utara,1.44,100.29,2,True
PO1000007538,WEE TEE TONG PALM OIL MILL SDN BHD,WEE TEE TONG PLANTATIONS SDN BHD,Sabah,5.66,117.81,1,False
PO1000007539,NEW BRITAIN PALM OIL,NBPOL,West New Britain,-5.62,150.68,1,False
PO1000007540,PALUTA INTI SAWIT,UNKNOWN,Sumatera Utara,1.55,99.84,2,True
PO1000007541,GRUTI LESTARI PRATAMA,UNKNOWN,Sumatera Utara,0.51,99.27,2,True
PO1000007545,INDUSTRIAS DEL SHANUSI S.A.,GRUPO PALMAS / PALMAS DEL ESPINO,Loreto,-6.12,-76.17,1,False
PO1000007546,KARYA INDORATA PERSADA,SUPERVENTURE,Riau,0.11,101.24,2,True
PO1000007547,AGRO SUKSES LESTARI,INCASI RAYA (GUNAS),Kalimantan Barat,0.23,111.67,2,True
PO1000007548,INDOMAKMUR SAWIT BERJAYA,MUSIM MAS,Riau,0.93,100.35,2,True
PO1000007549,ARJUNA UTAMA SAWIT,GCCP RESOURCES,Kalimantan Tengah,-2.25,113.38,2,True
PO1000007550,KARYA MAKMUR ABADI,KUALA LUMPUR KEPONG (KLK),Kalimantan Tengah,-2.04,112.49,2,True
PO1000007552,PALMERAS DE LOS ANDES QUININDE,DANEC,Esmeraldas,0.26,-79.36,1,False
PO1000007553,KARYA DEWI PUTRA,AGROSUBUR,Kalimantan Tengah,-1.44,112.87,2,True
PO1000007559,PERKEBUNAN NUSANTARA VI,PTPN III,Jambi,-1.96,103.4,2,True
PO1000007560,KEMABONG SDN BHD,KENSO TIMUR SDN BHD,Sabah,4.58,118.32,1,False
PO1000007561,KUTAI AGRO LESTARI,CT AGRO,Kalimantan Timur,-0.64,115.74,2,True
PO1000007564,EXTRACTORA LA JOYA CIA LTDA,GRUPO LA JOYA,Santo Domingo de los Tsachilas,-0.07,-79.43,1,False
PO1000007565,EXTRACTORA AGRICOLA RIO MANSO,LA FABRIL,Esmeraldas,0.49,-79.39,1,False
PO1000007566,KENCANA PERMATA NUSANTARA,UNKNOWN,Sumatera Utara,3.45,98.7,2,True
PO1000007567,LANGGAK INTI LESTARI,UNKNOWN,Riau,0.63,100.59,2,True
PO1000007568,CAHAYA SAWIT LESTARI,SUPERVENTURE,Bengkulu,-3.8,102.4,2,True
PO1000007570,QL PLANTATION SDN BHD,QL RESOURCES,Sabah,4.83,118.1,1,False
PO1000007571,LIMPAH SEJAHTERA,FIRST RESOURCES,Kalimantan Barat,-1.72,110.35,2,True
PO1000007572,RAJA MARGA,UNKNOWN,Aceh,3.99,96.63,2,True
PO1000007577,RAUB MINING & DEVELOPMENT COMPANY SDN BHD,UNKNOWN,Pahang,3.84,101.86,1,False
PO1000007579,BELL-KSL SDN BHD,BELL GROUP,Negeri Sembilan,2.47,101.99,1,False
PO1000007580,REBINMAS JAYA,DELLOYD,Bangka Belitung,-2.73,107.9,2,True
PO1000007581,MILIK MESTIKA SDN BHD,DUPONT & LEOSK ENTERPRISES,Johor,2.4,102.67,1,False
PO1000007582,NEW BRITAIN PALM OIL,NBPOL,West New Britain,-5.59,150.21,1,False
PO1000007585,PERKEBUNAN NUSANTARA II,PTPN III,Sumatera Utara,3.69,98.15,2,True
PO1000007586,PERKEBUNAN NUSANTARA XIII,PTPN III,Kalimantan Barat,-0.03,110.45,2,True
PO1000007587,PERMATA HIJAU SARANA,MULTI PRIMA ENTAKAI,Kalimantan Barat,0.04,111.03,2,True
PO1000007589,RIMBO PANJANG SUMBER MAKMUR,UNKNOWN,Sumatera Barat,-0.03,100.0,2,True
PO1000007591,ROHUL PALMINDO,UNKNOWN,Riau,0.99,100.73,2,True
PO1000007593,SARAWAK OIL PALMS BHD,SARAWAK OIL PALMS BERHAD,Sarawak,4.14,113.98,1,False
PO1000007594,SARI BUAH SAWIT,UNKNOWN,Sumatera Barat,-0.05,99.88,2,True
PO1000007595,SEBANGA MULTI SAWIT,UNKNOWN,Riau,1.26,101.29,2,True
PO1000007596,SARI LEMBAH SUBUR,ASTRA AGRO LESTARI,Riau,0.0,102.2,2,True
PO1000007598,SINAR JAYA INTI MULYA,SINAR JAYA AGRO INVESTAMA (SJAI),Kalimantan Tengah,-2.49,113.01,1,True
PO1000007599,KRUING LESTARI JAYA,TSANI HUTANI ABADI (THA),Kalimantan Timur,-0.66,115.59,2,True
PO1000007600,SAWIT JUJUHAN ABADI,UNKNOWN,Jambi,-1.24,101.75,2,True
PO1000007601,KILANG MINYAK KELAPA SAWIT LUM SDN BHD,NG CHIN SIU & SONS GROUP,Pahang,2.74,102.94,1,False
PO1000007602,SAWITA KARYA MANUNGGUL,SINAR MAS,Kalimantan Selatan,-2.55,116.14,2,True
PO1000007603,SATU SEMBILAN DELAPAN,KUALA LUMPUR KEPONG (KLK),Kalimantan Timur,2.14,117.3,2,True
PO1000007604,PERKEBUNAN NUSANTARA V,PTPN III,Riau,0.55,101.23,2,True
PO1000007605,PERKEBUNAN NUSANTARA V,PTPN III,Riau,0.64,101.11,2,True
PO1000007609,SENTOSA BUMI WIJAYA,DHARMA AGUNG WIJAYA (DAW),Kalimantan Barat,1.04,109.58,2,True
PO1000007610,SERASAN SEKUNDANG SAWITMAS,SINAR JAYA AGRO INVESTAMA (SJAI),Sumatera Selatan,-3.89,104.1,2,True
PO1000007611,EXTRACTORA AGRICOLA RIO MANSO,LA FABRIL,Esmeraldas,0.06,-79.41,1,False
PO1000007612,SERI LANGAT PALM OIL MILL SDN BHD,SERI ULU LANGAT PALM OIL MILL SDN BHD,Selangor,2.86,101.51,1,False
PO1000007613,MENTARI SUBUR ABADI,SALIM GROUP,Sumatera Selatan,-2.14,104.2,2,True
PO1000007616,SUMATERA JAYA AGRO LESTARI,INCASI RAYA (GUNAS),Kalimantan Barat,-0.41,110.18,2,True
PO1000007618,KALIMANTAN RIA SEJAHTERA,AGRINDO,Kalimantan Tengah,-1.18,114.03,2,True
PO1000007619,PERKEBUNAN NUSANTARA VI,PTPN III,Jambi,-1.86,103.02,2,True
PO1000007621,SINAR CITRA CEMERLANG,ZTE AGRIBUSINESS,Kalimantan Tengah,-2.13,112.91,2,True
PO1000007622,PERKEBUNAN KALTIM UTAMA I,TOBA BARA,Kalimantan Timur,-0.73,117.19,2,True
PO1000007623,CAHAYA ANUGERAH PLANTATION,CAHAYA TIARA PLANTATION,Kalimantan Timur,-0.09,117.03,2,True
PO1000007624,RUCHI SOYA INDUSTRIES,RUCHI SOYA,Andhra Pradesh,16.6,80.9,1,False
PO1000007626,ADITUNGGAL MAHAJAYA,SINAR MAS,Kalimantan Tengah,-2.04,112.24,2,True
PO1000007627,SAWIT GRAHA MANUNGGAL,ANGLO-EASTERN PLANTATION (AEP),Kalimantan Tengah,-2.07,115.07,2,True
PO1000007628,BINAKARYA ERAMANDIRI,UNKNOWN,Sumatera Selatan,-2.17,103.99,2,True
PO1000007629,SURYA AGROLIKA REKSA,ADIMULIA,Riau,-0.21,101.32,2,True
PO1000007630,PERDANA INTISAWIT PERKASA,FIRST RESOURCES,Riau,1.17,100.7,2,True
PO1000007632,SRI OIL EXTRACTION LTD,UNKNOWN,Eastern,6.18,-1.15,1,False
PO1000007634,SURYA INTI SAWIT KAHURIPAN,MAKIN,Kalimantan Tengah,-1.91,112.83,2,True
PO1000007635,TANTAHAN PENDUHUP ASI,SUMBER TANI AGUNG,Kalimantan Tengah,-1.42,113.4,2,True
PO1000007637,BUMI MEKAR TANI,TUDUNG,Sumatera Selatan,-2.49,102.87,2,True
PO1000007638,KUTAI BALIAN NAULI,CHELLAM PLANTATIONS,Kalimantan Timur,0.75,117.35,2,True
PO1000007639,EXTRACTORA SAN SEBASTIANO S.A.S.,UNKNOWN,Meta,4.1,-71.92,1,False
PO1000007640,BANYUASIN NUSANTARA SEJAHTERA,UNKNOWN,Sumatera Selatan,-2.88,104.73,2,True
PO1000007641,TASMA PUJA,UNKNOWN,Riau,-0.81,102.19,2,True
PO1000007642,BONTI PERMAI JAYA,LYMAN AGRO,Kalimantan Barat,0.21,111.55,2,True
PO1000007644,EASTERN PALM OIL,THAI EASTERN GROUP,Chon Buri,13.08,101.4,1,False
PO1000007645,ORGANIC CROPS S.A.,UNKNOWN,Santo Domingo de los Tsachilas,-0.2,-79.19,1,False
PO1000007648,DWIE WARNA KARYA,GENTING PLANTATIONS,Kalimantan Tengah,-0.84,114.08,2,True
PO1000007651,AGRO BUMI MAS,SUNGAI BUDI,Lampung,-4.57,104.76,2,True
PO1000007652,BERKAT SAWIT SEJAHTERA,SUPERVENTURE,Riau,-0.71,102.66,2,True
PO1000007653,JAYA GEMILANG SUKSES,UNKNOWN,Riau,1.6,100.91,2,True
PO1000007654,SAMLING PLANTATION SDN BHD,GLENEALY PLANTATIONS SDN BHD,Sarawak,3.38,114.0,1,False
PO1000007656,JERNIH KEMBOJA SDN BHD,JERNIH KEMBOJA SDN BHD,Johor,2.49,102.94,1,False
PO1000007657,SABAH SOFTWOODS BHD,YAYASAN SABAH GROUP,Sabah,4.5,117.53,1,False
PO1000007658,ARRTU PLANTATION,EAGLE HIGH PLANTATIONS,Kalimantan Barat,-1.93,110.49,2,True
PO1000007660,MULTI PERKASA SEJAHTERA,UNKNOWN,Kalimantan Barat,0.36,109.97,2,True
PO1000007661,MUSTIKA AGUNG SARANA SEJAHTERA,UNKNOWN,Riau,1.75,100.93,2,True
PO1000007662,MUTIARA NUSA AGRO SEJAHTERA,UNKNOWN,Sumatera Utara,2.27,99.77,2,True
PO1000007666,CI TOP S.A,CI TOP,Santander,7.25,-73.57,1,False
PO1000007667,OLEAGINOSAS SAN MARCOS LTDA,UNKNOWN,Meta,3.73,-73.34,1,False
PO1000007670,GODREJ AGROVET LTD,UNKNOWN,Andhra Pradesh,17.0,81.26,1,False
PO1000007671,EXTRACTORA AGRICOLA RIO MANSO,LA FABRIL,Los Rios,-0.54,-79.37,1,False
PO1000007672,SABAN SAWIT SUBUR,MANDHALA CIPTA PURMONO,Kalimantan Barat,-0.03,110.07,2,True
PO1000007673,SARANA ESA CITA,MUSIM MAS,Kalimantan Barat,1.36,109.38,2,True
PO1000007706,SUKSOMBOON VEGETABLE OIL COMPANY LTD,UNKNOWN,Chon Buri,13.16,101.33,1,False
PO1000007758,GENTING SDC SDN BHD,GENTING PLANTATIONS,Sabah,5.56,117.98,1,False
PO1000007786,TSH PLANTATION MANAGEMENT SDN BHD,TSH RESOURCES,Sabah,4.47,118.19,1,False
PO1000007798,LAM SOON PLANTATIONS SDN BHD,LAM SOON (M) BERHAD,Pahang,3.16,103.16,1,False
PO1000007943,INDUSTRIAS OLEANA S.A.,UNKNOWN,Esmeraldas,1.19,-78.76,1,False
PO1000007945,SYARIKAT KRETAM MILL SDN BHD,KRETAM HOLDINGS BERHAD,Sabah,4.33,117.48,1,False
PO1000007953,ACEITES Y GRASAS DEL CATATUMBO S.A.S.,UNKNOWN,Norte de Santander,8.5,-72.64,1,False
PO1000007984,MUSTIKA SEMBULUH,WILMAR GROUP,Kalimantan Tengah,-2.46,112.5,2,True
PO1000008053,PALMERAS DEL ECUADOR,DANEC,Sucumbios,-0.29,-76.57,1,False
PO1000008054,PALMERAS DE LOS ANDES SAN LORENZO,DANEC,Esmeraldas,1.25,-78.74,1,False
PO1000008074,PERKEBUNAN NUSANTARA V,PTPN III,Riau,0.6,100.62,1,True
PO1000008095,MULIA AGRO PERMAI,KUALA LUMPUR KEPONG (KLK),Kalimantan Tengah,-2.43,112.75,2,True
PO1000008122,OLDESA ÓLEO DE DENDÊ S.A.,UNKNOWN,Bahia,-13.03,-39.0,1,False
PO1000008124,PERKEBUNAN NUSANTARA VII,PTPN III,Lampung,-5.3,105.16,2,True
PO1000008126,CI TOP S.A,CI TOP,Nariño,1.59,-78.64,1,False
PO1000008127,SUMATERA MAKMUR LESTARI,INCASI RAYA (GUNAS),Kalimantan Barat,-0.12,110.76,2,True
PO1000008128,SAWIT KALTIM LESTARI,KENCANA AGRI,Kalimantan Timur,-0.07,116.83,2,True
PO1000008129,ATAHUALPA,ATAHUALPA,Esmeraldas,-0.02,-79.5,1,False
PO1000008130,SAN DANIEL EXTRACTORA SAN DANIEL CIA LTDA,UNKNOWN,Santo Domingo de los Tsachilas,-0.01,-79.45,1,False
PO1000008131,GUNUNG SAWIT ABADI,UNKNOWN,Sumatera Barat,-0.05,99.92,2,True
PO1000008132,CIPTAMAS BUMISELARAS,CIPUTRA,Bengkulu,-4.87,103.53,2,True
PO1000008133,BATULICIN AGRO SENTOSA,JHONLIN,Kalimantan Selatan,-3.37,115.91,2,True
PO1000008135,PERKEBUNAN HASIL MUSI LESTARI,AMS-GANDA,Sumatera Selatan,-3.25,103.24,2,True
PO1000008137,SUN SAWIT,INDAH,Sumatera Selatan,-3.17,104.89,2,True
PO1000008138,GANDA BUANINDO,UNKNOWN,Riau,0.01,101.24,2,True
PO1000008139,PLANTA EXTRACTORA AGRICOLA LA UNION S.A. (PEXA),PEXA,Esmeraldas,0.03,-79.41,1,False
PO1000008140,SABAN SAWIT SUBUR,MANDHALA CIPTA PURMONO,Kalimantan Barat,0.15,109.88,1,True
PO1000008141,SAWIT MAS NUSANTARA,UNKNOWN,Riau,0.16,101.72,2,True
PO1000008143,INDRALAYA AGRO LESTARI,UNKNOWN,Sumatera Selatan,-3.07,104.59,2,True
PO1000008144,KIM LOONG PALM OIL MILLS SDN BHD,KIM LOONG RESOURCES BERHAD,Johor,1.78,103.92,1,False
PO1000008145,PALMINA UTAMA,TIANJIN JULONG,Kalimantan Selatan,-3.05,114.87,2,True
PO1000008146,SIBADIHON SAWITA TOROP LESTARI,UNKNOWN,Sumatera Utara,1.79,100.19,2,True
PO1000008147,BORNEO SAWIT PERSADA,UNKNOWN,Kalimantan Selatan,-3.02,115.95,2,True
PO1000008148,SINTANG AGRO MANDIRI,MULTI PRIMA ENTAKAI,Kalimantan Barat,0.14,111.48,2,True
PO1000008149,KHARISMA INTI USAHA,GENTING PLANTATIONS,Kalimantan Selatan,-3.0,114.94,2,True
PO1000008151,BENUA LAWAS LESTARI,DUTA MARGA,Kalimantan Selatan,-3.0,115.96,2,True
PO1000008152,LINGGA TIGA SAWIT,UNKNOWN,Sumatera Utara,2.01,99.88,2,True
PO1000008153,FAJAR AGRO SEJAHTERA,SYNTHESIS AGRO,Kalimantan Selatan,-2.97,115.96,2,True
PO1000008154,ABDI BUDI MULIA,SUMBER TANI HARAPAN (STH),Sumatera Utara,2.11,100.27,2,True
PO1000008155,MITRA UNGGUL PUSAKA,ROYAL GOLDEN EAGLE,Riau,0.19,101.8,2,True
PO1000008156,AGRI BUMI SENTOSA,J.A. WATTIE (JAWA),Kalimantan Selatan,-2.96,114.71,2,True
PO1000008157,AGROINDUSTRIAS EXTRACTORA DE ACEITES VEGETALES CIA  LTDA,AEXAV,Esmeraldas,0.2,-79.41,1,False
PO1000008158,AGRO WIRA LIGATSA,UNKNOWN,Sumatera Barat,0.22,99.72,2,True
PO1000008159,PERKEBUNAN NUSANTARA XIII,PTPN III,Kalimantan Barat,0.25,110.3,2,True
PO1000008160,NALA PALMA CADUDASA,NPC RESOURCES BERHAD,Kalimantan Timur,0.28,116.84,2,True
PO1000008161,DAYA LABUHAN INDAH,WILMAR GROUP,Sumatera Utara,2.15,99.99,2,True
PO1000008162,KARYA AGRO SAWITINDO,SINAR JAYA AGRO INVESTAMA (SJAI),Bengkulu,-2.71,101.34,2,True
PO1000008164,MUKO MUKO INDAH LESTARI,SINAR JAYA AGRO INVESTAMA (SJAI),Bengkulu,-2.68,101.32,2,True
PO1000008165,PRIMA JAYA LESTARI UTAMA,UNKNOWN,Sumatera Utara,2.32,99.73,2,True
PO1000008166,HAMITA UTAMA KARSA,INDONUSA AGRO,Sumatera Selatan,-2.67,104.2,2,True
PO1000008168,SURYA ANDALAN PRIMATAMA,SUNGAI BUDI,Bengkulu,-2.58,101.31,2,True
PO1000008170,MUSIRAWAS CITRA HARPINDO,MUSIRAWAS,Kalimantan Tengah,-2.45,112.22,2,True
PO1000008171,BANGUN TENERA RIAU,INDAH,Riau,0.29,101.42,2,True
PO1000008173,AGROINDUSTRIAS QUININDE AIQUISA,AGROINDUSTRIAS QUININDE AIQUISA,Esmeraldas,0.31,-79.46,1,False
PO1000008174,USAHA SAWIT MANDIRI,SUPERVENTURE,Bengkulu,-2.4,101.16,2,True
PO1000008176,BUKIT PALEM,UNKNOWN,Kalimantan Barat,-2.37,110.64,2,True
PO1000008178,BASTIAN OLAH SAWIT,INDAH,Sumatera Selatan,-2.35,103.91,2,True
PO1000008180,KARYA BAKTI AGRO SEJAHTERA,BUMITAMA GUNAJAYA AGRO (BGA),Kalimantan Barat,-2.28,110.5,2,True
PO1000008182,SUMBER ADINUSA LESTARI,UNKNOWN,Kalimantan Tengah,-2.2,111.48,2,True
PO1000008184,NUSANTARA SAWIT PERSADA,CIPTA PLANTATION,Kalimantan Tengah,-2.11,112.79,2,True
PO1000008185,TIMURJAYA INDOMAKMUR,UNKNOWN,Sulawesi Tengah,-2.08,121.02,2,True
PO1000008186,ASIATIC PERSADA,AMS-GANDA,Jambi,-2.04,103.35,2,True
PO1000008187,PERKEBUNAN NUSANTARA VI,PTPN III,Jambi,-2.02,103.54,2,True
PO1000008188,SUMBER GUNA NABATI,UNKNOWN,Jambi,-2.01,102.49,2,True
PO1000008189,BINTULU LUMBER DEVELOPMENT SDN BHD,BLD PLANTATION BERHAD,Sarawak,2.41,111.79,1,False
PO1000008190,SAWIT ASAHAN TETAP UTUH,UNKNOWN,Sumatera Utara,2.77,99.61,2,True
PO1000008191,SERI MORIB PALM OIL MILL SDN BHD,SERI MORIB PALM OIL MILL SDN BHD,Selangor,2.72,101.49,1,False
PO1000008193,ENSEM LESTARI,TENERA LESTARI,Aceh,2.46,98.07,2,True
PO1000008194,KURNIA MITRA SAWIT,UNKNOWN,Sumatera Utara,2.41,99.7,2,True
PO1000008195,SERI ULU LANGAT PALM OIL MILL SDN BHD,SERI ULU LANGAT PALM OIL MILL SDN BHD,Selangor,2.85,101.65,1,False
PO1000008196,MAWAR MENTARI SDN BHD,MAWAR MENTARI SDN BHD,Negeri Sembilan,2.87,102.32,1,False
PO1000008197,GEMILANG CAHAYA MENTARI,SUPERVENTURE,Bangka Belitung,-1.95,105.79,2,True
PO1000008199,PERKEBUNAN NUSANTARA VI,PTPN III,Jambi,-1.91,103.4,2,True
PO1000008201,SARAWAK OIL PALMS BHD,SARAWAK OIL PALMS BERHAD,Sarawak,2.97,113.87,1,False
PO1000008202,ANGSO DUO SAWIT,MEWAH,Jambi,-1.78,103.49,2,True
PO1000008203,SANG KEE EDIBLE OILS SDN. BHD,UNKNOWN,Selangor,3.01,101.37,1,False
PO1000008205,FGV PALM INDUSTRIES SDN BHD,FGV HOLDINGS BERHAD,Negeri Sembilan,3.01,102.29,1,False
PO1000008206,SAWITA PASAMAN JAYA,UNKNOWN,Sumatera Barat,0.32,99.45,2,True
PO1000008210,PERKEBUNAN NUSANTARA XIII,PTPN III,Kalimantan Barat,0.34,109.94,2,True
PO1000008211,BANGKIT GIAT USAHA MANDIRI,NT CORP,Kalimantan Tengah,-1.47,112.74,2,True
PO1000008212,HUP LEE OIL MILL SDN BHD,UNKNOWN,Selangor,3.09,101.41,1,False
PO1000008214,ARYA RAMA PERSADA,UNKNOWN,Sumatera Utara,3.1,99.59,2,True
PO1000008215,AGRO ABADI,PANCA EKA,Riau,0.35,101.48,2,True
PO1000008216,BUNGO LIMBUR,UNKNOWN,Jambi,-1.38,101.89,2,True
PO1000008217,BUANA SAWIT INDAH,UNKNOWN,Sumatera Utara,3.14,99.51,2,True
PO1000008218,LESTARI TANI TELADAN,ASTRA AGRO LESTARI,Sulawesi Tengah,-1.37,119.49,2,True
PO1000008221,MUARA JAMBI SAWIT LESTARI,UNKNOWN,Jambi,-1.26,103.71,2,True
PO1000008222,PALMASA SA,UNKNOWN,Pará,-1.12,-47.66,1,False
PO1000008224,GUNA SETIA PRATAMA,UNKNOWN,Riau,0.43,101.6,2,True
PO1000008225,RISMAN SCHAM PALM INDONESIA,MENTARI,Riau,-0.96,102.78,2,True
PO1000008226,MULTI GUNA LESTARI ABADI,UNKNOWN,Riau,-0.96,102.75,2,True
PO1000008227,PERKEBUNAN NUSANTARA XIII,PTPN III,Kalimantan Barat,0.46,110.38,2,True
PO1000008228,FAJAR SAUDARA LESTARI,KALIMANTAN SAWIT KUSUMA (KSK),Kalimantan Barat,-0.87,109.63,2,True
PO1000008229,WAWASAN SEDAR SDN BHD,WAWASAN SEDAR SDN BHD,Sarawak,3.32,113.61,1,False
PO1000008230,TAYAN BUKIT SAWIT,UNKNOWN,Kalimantan Barat,0.54,110.42,2,True
PO1000008231,KHARISMA AGRO SEJAHTERA,UNKNOWN,Riau,-0.75,102.24,2,True
PO1000008233,NIAGA MAS GEMILANG,UNKNOWN,Kalimantan Timur,-0.59,116.82,2,True
PO1000008234,TRI BAHTERA SRIKANDI,SAGO NAULI,Sumatera Utara,0.57,99.2,2,True
PO1000008235,GAYANIS SDN BHD,GAYANIS SDN BHD,Sarawak,3.36,113.67,1,False
PO1000008239,LEOMAS ANUGERAH BERSAUDARA,UNKNOWN,Sumatera Utara,3.41,98.73,2,True
PO1000008241,SEATEX DEVELOPMENT SDN BHD,HASS ENTERPRISE SDN BHD,Sarawak,3.54,113.9,1,False
PO1000008243,BINTULU LUMBER DEVELOPMENT SDN BHD,BLD PLANTATION BERHAD,Sarawak,3.58,113.84,1,False
PO1000008246,YAPUTRA ALFA PALMINDO,UNKNOWN,Sumatera Utara,3.72,98.2,2,True
PO1000008251,FGV PALM INDUSTRIES SDN BHD,FGV HOLDINGS BERHAD,Pahang,3.82,102.51,1,False
PO1000008253,ACEITES MANUELITA,MANUELITA,Meta,3.94,-73.37,1,False
PO1000008258,UJONG NEUBOK DALAM,UNKNOWN,Aceh,4.06,96.49,2,True
PO1000008261,SRI GANDA OIL MILL SDN BHD,UNKNOWN,Perak,4.15,101.15,1,False
PO1000008264,KEMILAU INDAH NUSANTARA,AGRINDO,Kalimantan Timur,0.72,117.66,2,True
PO1000008265,HAMPARAN PERKASA MANDIRI,TRIPUTRA AGRO PERSADA,Kalimantan Timur,0.78,116.61,2,True
PO1000008266,TEGUH KARSA WANALESTARI,UNKNOWN,Riau,0.9,101.38,2,True
PO1000008268,KAMPARINDO AGRO INDUSTRI,UNKNOWN,Riau,0.86,101.29,2,True
PO1000008269,SWASTISIDDHI AMAGRA,SWASTISIDDHI AMAGRA,Riau,0.95,101.1,2,True
PO1000008270,WIRA INOVA NUSANTARA,SALIM GROUP,Kalimantan Timur,0.97,118.19,2,True
PO1000008271,FAIRCO AGRO MANDIRI,FAIRCO,Kalimantan Timur,0.97,117.79,2,True
PO1000008272,ELUAN MAHKOTA,DARMEX AGRO,Riau,0.97,100.54,2,True
PO1000008273,DIAN ANGGARA PERSADA,AEK NATIO,Riau,0.98,101.05,2,True
PO1000008274,KARYANUSA EKADAYA,ASTRA AGRO LESTARI,Kalimantan Timur,0.99,116.75,2,True
PO1000008277,SONTANG SAWIT PERMAI,UNKNOWN,Riau,1.13,100.85,2,True
PO1000008278,SEMUNAI SAWIT PERKASA,UNKNOWN,Riau,1.16,101.28,2,True
PO1000008279,ARYA RAMA PRAKASA,UNKNOWN,Riau,1.22,100.38,2,True
PO1000008282,PERMATA CITRA RANGAU,UNKNOWN,Riau,1.25,101.25,2,True
PO1000008284,WIRATA DAYA BANGUN PERSADA,DARMEX AGRO,Kalimantan Barat,1.43,109.6,2,True
PO1000008285,LEDO LESTARI,DARMEX AGRO,Kalimantan Barat,1.46,109.72,2,True
PO1000008286,SALAMANCA OLEAGINOSAS S.A.,UNKNOWN,Nariño,1.47,-78.74,1,False
PO1000008287,KARYA ABADI SAMA SEJATI,UNKNOWN,Riau,1.48,100.6,2,True
PO1000008288,C.I. TOP S.A.,UNKNOWN,Nariño,1.48,-78.66,1,False
PO1000008289,PALMAS DE TUMACO S.A.S.,UNKNOWN,Nariño,1.52,-78.74,1,False
PO1000008290,BINTANG NAULI PRATAMA,UNKNOWN,Sumatera Utara,1.53,98.97,2,True
PO1000008291,SUMBER SAWIT NUSANTARA,UNKNOWN,Sumatera Utara,1.55,99.96,2,True
PO1000008292,BHUMI SIEMANGGARIS INDAH,FANGIONO AGRO PLANTATION,Kalimantan Timur,4.24,117.36,2,True
PO1000008295,PRIMALUCK (M) SDN BHD,RIMEX,Sarawak,4.31,114.1,1,False
PO1000008299,BIOGROW CITY PLANTATIONS SDN BHD,WTK HOLDINGS BHD,Sarawak,4.59,114.94,1,False
PO1000008301,INDUSTRIAL ACEITERA DE CASANARE S.A. SUCURSAL COLOMBIA S.A.,UNKNOWN,Casanare,5.09,-71.96,1,False
PO1000008304,KWANTAS OIL SDN BHD,KWANTAS CORPORATION BERHAD,Sabah,5.25,117.91,1,False
PO1000008305,TANER R&D PALM OIL MILL SDN BHD,TANER INDUSTRIAL TECHNOLOGY (M) SDN BHD,Sabah,5.25,116.01,1,False
PO1000008310,FGV PALM INDUSTRIES SDN BHD,FGV HOLDINGS BERHAD,Trengganu,5.34,102.86,1,False
PO1000008312,LADANG TAPIS SDN BHD (LTSB),KUMPULAN PERLADANGAN PKINK BHD,Kelantan,5.51,101.94,1,False
PO1000008314,TOUPOS PALM OIL MILL SDN BHD,TOUPOS PALM OIL MILL SDN BHD,Sabah,5.66,116.88,1,False
PO1000008315,MONSOK PALM OIL MILL SDN BHD,MONSOK PALM OIL MILL SDN BHD,Sabah,5.67,117.41,1,False
PO1000008316,GENTING SDC SDN BHD,GENTING PLANTATIONS,Sabah,6.05,117.35,1,False
PO1000008317,OBOOMA FARMS GHANA,OBOOMA FARMS GHANA,Eastern,6.19,-0.88,1,False
PO1000008324,THAINDO PALM OIL FACTORY CO LTD,UNKNOWN,Krabi,8.11,99.29,1,False
PO1000008325,"KASAT LUMNAUM CO,. LTD",UNKNOWN,Nakhon Si Thammarat,8.32,99.97,1,False
PO1000008328,KRABI PALM OIL COMMUNITY COOPERATIVE,UNKNOWN,Krabi,8.39,98.86,1,False
PO1000008329,"P.PANIT RUNGRUENG PALM OIL   CO.,LTD",UNKNOWN,Surat Thani,8.43,99.07,1,False
PO1000008330,EXTRACTORA GRUPALMA S.A.S.,UNKNOWN,Bolívar,8.67,-73.84,1,False
PO1000008331,SMOTHONG PALMOIL CO.,SMOTHONG GROUP,Surat Thani,8.68,98.8,1,False
PO1000008332,SMOTHONG PALMOIL CO.,SMOTHONG GROUP,Surat Thani,9.51,99.13,1,False
PO1000008333,PALMAS OLEAGINOSAS DE CASACARE LTDA,UNKNOWN,Cesar,9.86,-73.28,1,False
PO1000008336,ASOCIACIÓN AGROINDUSTRIAL DE PALMICUTORES DE SABA S.A DE C.V,UNKNOWN,Colón,15.54,-86.18,1,False
PO1000008337,COOPERATIVA DE PRODUCCION AGROPECUARIA SALAMA LIMITADA,COOPERATIVA DE PRODUCCION AGROPECUARIA SALAMA LIMITADA,Colón,15.71,-85.94,1,False
PO1000008338,INDUSTRIA CHIQUIBUL S.A.,UNISOURCE HOLDING INC.,Alta Verapaz,16.02,-90.39,1,False
PO1000008341,ACEITES SUSTENTABLES DE PALMA,UNKNOWN,Chiapas,16.36,-90.47,1,False
PO1000008342,RUCHI SOYA INDUSTRIES,RUCHI SOYA,Andhra Pradesh,17.03,82.2,1,False
PO1000008343,SURYABUMI AGROLANGGENG,GOZCO PLANTATIONS,Sumatera Selatan,-3.36,103.88,2,True
PO1000008344,NAVA BHARAT PALM OIL MILL,UNKNOWN,Andhra Pradesh,17.13,81.27,1,False
PO1000008345,KEDATON MULIA PRIMAS,UNKNOWN,Jambi,-1.91,103.01,2,True
PO1000008346,ETAM BERSAMA LESTARI,UNION SAMPOERNA TRIPUTRA PERSADA (USTP),Kalimantan Timur,1.22,117.88,2,True
PO1000008347,ABAGO S.A.S.,UNKNOWN,Meta,4.29,-72.13,1,False
PO1000008348,TEKNIK UTAMA MANDIRI,TRURICH RESOURCES,Kalimantan Timur,3.61,117.03,2,True
PO1000008349,AGROFORESTAL UUMBAL CHIAPAS S.A.P.I. DE C.V.,AGROINDUSTRIAL UUMBAL SA DE CV,Chiapas,17.77,-91.85,1,False
PO1000008380,PERKEBUNAN NUSANTARA VIII,PTPN III,Banten,-6.62,106.0,2,True
PO1000008382,KUALA LUMPUR KEPONG BHD,KUALA LUMPUR KEPONG (KLK),Johor,2.27,103.28,1,False
PO1000008383,ERASAKTI WIRA FORESTAMA,UNKNOWN,Jambi,-1.53,103.64,2,True
PO1000008384,KILANG MINYAK SAWIT MERU SDN BHD,KILANG MINYAK SAWIT MERU SDN BHD,Selangor,3.01,101.5,1,False
PO1000008385,AGROPECUARIA SANTA MARIA S.A.,AGROPECUARIA SANTAMARIA S.A,Meta,3.04,-73.11,1,False
PO1000008386,AGRO WIJAYA INDUSTRI,UNKNOWN,Jambi,-1.76,102.24,2,True
PO1000008388,ANUGRAH MULTI SAWITA,UNKNOWN,Sumatera Utara,2.71,99.62,2,True
PO1000008389,ARCHIPELAGO TIMUR ABADI,AGRINDO,Kalimantan Tengah,-1.14,113.99,2,True
PO1000008391,TUNAS BARU LAMPUNG,SUNGAI BUDI,Lampung,-4.02,105.27,2,True
PO1000008392,LAMBANG BUMI PERKASA,SAHABAT AGRO,Lampung,-4.7,105.37,2,True
PO1000008393,JALUR PUSAKA SAKTI KUMALA,UNKNOWN,Riau,0.4,101.8,2,True
PO1000008394,EXTRACTORA AGRICOLA RIO MANSO,LA FABRIL,Santo Domingo de los Tsachilas,-0.04,-79.49,1,False
PO1000008395,PUTERA KERITANG SAWIT,UNKNOWN,Riau,-0.87,102.66,2,True
PO1000008396,MULTI JAYANTARA ABADI,TELADAN PRIMA,Kalimantan Timur,-2.38,116.53,2,True
PO1000008397,PERSADA HARAPAN KAHURIPAN,MAKIN,Jambi,-1.6,102.72,2,True
PO1000008398,MULTIAGRO SUMATERA JAYA,UNKNOWN,Sumatera Utara,1.08,100.06,2,True
PO1000008399,RSB PALM OIL MILL SDN BHD,RIMBUNAN SAWIT BERHAD,Sarawak,3.67,114.02,1,False
PO1000008400,MUSTIKA AGRO SARI,SOUTHERN ACIDS BERHAD,Riau,-0.11,101.29,2,True
PO1000008401,ENERGY & PALMA,HOLDING LA FABRIL S.A.,Esmeraldas,1.14,-78.8,1,False
PO1000008402,NEGCORPBIS S.A.,EPACEM,Orellana,-0.3,-77.1,1,False
PO1000008403,SARI ADITYA LOKA,ASTRA AGRO LESTARI,Jambi,-1.65,102.31,2,True
PO1000008404,COMPAÑIA INDUSTRIAL NOVAPALM S.A.,UNKNOWN,Esmeraldas,0.07,-79.6,1,False
PO1000008405,SAWIT MAS PARENGGEAN,UNION SAMPOERNA TRIPUTRA PERSADA (USTP),Kalimantan Tengah,-2.03,112.77,2,True
PO1000008406,OLEAGINOSAS SANTANA S.A.S,UNKNOWN,Meta,4.0,-73.61,1,False
PO1000008407,BAYUNG AGRO SAWITA,ADR,Sumatera Selatan,-2.01,103.71,2,True
PO1000008409,SARAWAK OIL PALMS BHD,SARAWAK OIL PALMS BERHAD,Sarawak,2.79,114.45,1,False
PO1000008410,BIOCASTILLA,UNKNOWN,Meta,3.82,-73.53,1,False
PO1000008411,BUMI SAWIT SUKSES PRATAMA,ORIENTAL HOLDINGS BERHAD,Bangka Belitung,-2.54,106.03,2,True
PO1000008412,CAKRA ALAM SEJATI,UNKNOWN,Riau,0.18,102.05,2,True
PO1000008413,PALMERAS DE LOS CIEN S.A. - PALCIEN S.A.,UNKNOWN,Esmeraldas,0.34,-79.46,1,False
PO1000008414,BENTA WAWASAN SDN BHD,YAYASAN SABAH GROUP,Sabah,4.61,117.6,1,False
PO1000008415,PALMAR DE LOS ESTEROS EMA S.A.,UNKNOWN,Esmeraldas,1.31,-78.73,1,False
PO1000008416,SIMA AGUNG PRIMA SAWIT,TELADAN PRIMA,Kalimantan Timur,0.83,118.75,2,True
PO1000008417,PALM LAMPUNG PERSADA,UNKNOWN,Lampung,-4.37,104.6,2,True
PO1000008418,PALMAS DEL IXCAN LTDA.,FRUIT OIL,Alta Verapaz,15.99,-90.47,1,False
PO1000008419,EXTRACTORA AGRICOLA RIO MANSO,LA FABRIL,Los Rios,-0.71,-79.47,1,False
PO1000008420,SOGB,SOCFIN,Bas-Sassandra,4.69,-7.09,1,False
PO1000008421,PEPUTRA SUPRA JAYA,PEPUTRA,Riau,0.16,101.78,2,True
PO1000008422,PERKEBUNAN LEMBAH BHAKTI,ASTRA AGRO LESTARI,Aceh,2.56,97.95,2,True
PO1000008423,CITRA SAWIT LESTARI,UNKNOWN,Kalimantan Timur,2.92,117.26,2,True
PO1000008424,DWIWIRA LESTARI JAYA,TRIPUTRA AGRO PERSADA,Kalimantan Timur,1.61,118.04,2,True
PO1000008425,SRI INDRAPURA SAWIT LESTARI,UNKNOWN,Riau,0.46,101.74,2,True
PO1000008426,CB INDUSTRIAL PRODUCT,CB INDUSTRIAL PRODUCT,Sarawak,3.82,114.03,1,False
PO1000008428,UNIPAL,UNIPAL,Esmeraldas,0.19,-79.39,1,False
PO1000008429,BAHANA KARYA SEMESTA,SINAR MAS,Jambi,-2.09,102.8,2,True
PO1000008431,TUNAS AGRO SUBUR KENCANA,BEST INDUSTRY,Kalimantan Tengah,-1.83,112.91,2,True
PO1000008432,"SOUTHERN PALM (1978) CO., LTD",SOUTHERN GROUP THAI,Surat Thani,9.11,99.27,1,False
PO1000008433,TIMOR OIL PALM PLANTATION BHD,NEGRI SEMBILAN OIL PALMS BOARD,Pahang,3.63,102.77,1,False
PO1000008434,GOLDEN BLOSSOM SUMATRA,GOZCO PLANTATIONS,Sumatera Selatan,-3.07,104.2,2,True
PO1000008435,KARYA TEKNIK PLANTATION,UNKNOWN,Kalimantan Timur,-0.15,117.01,2,True
PO1000008439,TUNAS BARU LAMPUNG,SUNGAI BUDI,Lampung,-4.86,105.18,2,True
PO1000008440,WAYKANAN SAWITINDO MAS,SINAR JAYA AGRO INVESTAMA (SJAI),Lampung,-4.45,104.42,2,True
PO1000008490,SIAT NIGERIA LTD,SIAT,Rivers,5.16,6.92,1,False
PO1000008529,PERKEBUNAN NUSANTARA V,PTPN III,Riau,1.58,100.59,2,True
PO1000008555,OLEAGINOSAS AMAZONICAS S.A (OLAMSA),UNKNOWN,Ucayali,-8.65,-74.96,1,False
PO1000008556,OLEAGINOSAS DEL PERU (OLPESA),UNKNOWN,San Martín,-8.14,-76.59,1,False
PO1000008557,OLEAGINOSAS PADRE ABAD,UNKNOWN,Ucayali,-9.06,-75.65,1,False
PO1000008558,OLEAGINOSAS PUCALLPA,UNKNOWN,Ucayali,-8.58,-74.91,1,False
PO1000008559,PALDUANA,PALDUANA,Esmeraldas,0.31,-79.42,1,False
PO1000008560,PALMICULTORES DEL MILENIO DEL ESTADO DEL CAMPECHE,UNKNOWN,Campeche,18.68,-90.9,1,False
PO1000008561,"SUKSOMBOON BOARAI CO,.LTD",SUKSOMBOON GROUP,Trat,12.52,102.55,1,False
PO1000008562,THONG MONGKOL PALM INDUSTRY COMPANY LTD,UNKNOWN,Prachuap Khiri Khan,11.21,99.4,1,False
PO1000008563,TUNAS PRIMA SEJAHTERA,LOW YAT,Kalimantan Timur,0.06,116.38,2,True
PO1000008564,SATHIEN PALM COMPANY LTD,UNKNOWN,Kanchanaburi,13.87,99.71,1,False
PO1000008565,"TRAD PALM OIL CO,.LTD",UNKNOWN,Trat,12.34,102.57,1,False
PO1000008566,SASMITA BUMI WIJAYA,DHARMA AGUNG WIJAYA (DAW),Kalimantan Barat,0.3,110.3,2,True
PO1000008567,KETAPANG AGRO LESTARI,FIRST RESOURCES,Kalimantan Timur,-0.88,115.89,2,True
PO1000008568,AGROPECUARIA NUEVO SAN CARLOS S.A.,FRUIT OIL,Petén,16.15,-89.94,1,False
PO1000008569,TOSCANO INDAH PRATAMA,UNKNOWN,Sulawesi Barat,-1.09,119.47,2,True
PO1000008570,GIGA PUTRA NUSANTARA,UNKNOWN,Sumatera Utara,1.31,99.77,2,True
PO1000008571,"BIOTECH OIL CO,.LTD",UNKNOWN,Krabi,8.22,99.03,1,False
PO1000008572,AGROINDUSTRIA OLEICA DE LA REGIÓN DE LOS RIOS SAPI DE C.V.,UNKNOWN,Tabasco,17.91,-91.76,1,False
PO1000008573,INDUPALSA,UNKNOWN,San Martín,-6.31,-76.28,1,False
PO1000008574,FELCRA VENTURE SRI AMAN SDN BHD,FELCRA BERHAD,Sarawak,1.19,111.4,1,False
PO1000008576,AGROPALMA DE INVERSIONES,UNKNOWN,Chiriquí,8.39,-82.74,1,False
PO1000008577,SINERGI AGRO INDUSTRI,IJM PLANTATIONS BERHAD,Kalimantan Timur,0.9,118.42,2,True
PO1000008578,PERKEBUNAN NUSANTARA XIII,PTPN III,Kalimantan Timur,-1.93,116.12,2,True
PO1000008579,SAKTI MAIT JAYA LANGIT,MENTARI,Kalimantan Tengah,-1.95,114.18,2,True
PO1000008580,AGRINA SAWIT PERDANA,AGRINA,Kalimantan Barat,0.07,110.7,2,True
PO1000008581,ANTANG GANDA UTAMA,MAKIN,Kalimantan Tengah,-1.14,115.03,2,True
PO1000008582,DUTA PALMA NUSANTARA,DARMEX AGRO,Riau,-0.56,101.67,2,True
PO1000008583,BUMI DAYA AGROTAMAS,UNKNOWN,Aceh,2.58,97.85,2,True
PO1000008584,SYAUKATH AGRO,UNKNOWN,Aceh,4.58,95.7,2,True
PO1000008585,ANUGERAH AGRO SAWIT PERKASA,UNKNOWN,Riau,1.84,100.44,2,True
PO1000008586,TOR GANDA,TORGANDA,Riau,1.38,100.19,2,True
PO1000008587,TEBO INDAH,AGRO INVESTAMA,Jambi,-1.5,102.58,2,True
PO1000008588,CHEMARAPALM,NEOPALMA,Santo Domingo de los Tsachilas,-0.09,-79.32,1,False
PO1000008589,SUMBER SAWIT SEJAHTERA,UNKNOWN,Riau,0.25,101.98,2,True
PO1000008590,3F OIL PALM AGROTECH,UNKNOWN,Andhra Pradesh,17.0,81.47,1,False
PO1000008591,UNI PRIMACOM,MUSIRAWAS,Kalimantan Tengah,-1.94,112.73,2,True
PO1000008594,"THE NATURAL PALM GROUP CO.,LTD",UNKNOWN,Surat Thani,8.39,99.23,1,False
PO1000008595,DAMAI JAYA LESTARI,TORGANDA,Sulawesi Tenggara,-3.26,122.14,2,True
PO1000008596,WAIMUSI AGRO INDAH,UNKNOWN,Sumatera Selatan,-3.67,105.07,2,True
PO1000008597,ANDIKA PERMATA SAWIT LESTARI,ANDIKA,Riau,1.28,100.88,1,True
PO1000008599,ANDES AGRO INVESTAMA,CARGILL,Kalimantan Barat,-2.31,110.43,2,True
PO1000008601,FORTIUS WAJO PERKEBUNAN,FORTIUS CORP,Jambi,-1.05,102.91,2,True
PO1000008602,LARAS ASTRA KARTIKA,RAJAWALI NUSANTARA INDONESIA (RNI),Sumatera Selatan,-4.08,104.54,2,True
PO1000008603,MAHAKAM SAWIT PLANTATION,KALPATARU,Kalimantan Timur,-0.34,116.88,2,True
PO1000008604,CIPTA LESTARI SAWIT,SRIWIJAYA PALM OIL,Sumatera Selatan,-2.65,104.53,2,True
PO1000008605,MUTIARA SAWIT SEMESTA,UNKNOWN,Jambi,-1.61,102.86,2,True
PO1000008606,AGRO MEKAR LESTARI,UNKNOWN,Kepulauan Riau,0.83,103.38,2,True
PO1000008607,SELATAN AGRO MAKMUR LESTARI,SRIWIJAYA PALM OIL,Sumatera Selatan,-2.69,105.22,2,True
PO1000008608,PERMATA SUBUR LESTARI,UNKNOWN,Kalimantan Barat,0.03,111.43,2,True
PO1000008609,BUMITAMA GUNAJAYA ABADI,BUMITAMA GUNAJAYA AGRO (BGA),Kalimantan Tengah,-2.51,111.36,2,True
PO1000008610,SATRIA HUPASARANA,TRURICH RESOURCES,Kalimantan Tengah,-2.03,111.57,2,True
PO1000008611,HUTAN ALAM LESTARI,UNKNOWN,Jambi,-1.61,103.34,2,True
PO1000008612,BUKIT BORNEO SEJAHTERA,UNKNOWN,Kalimantan Timur,3.46,116.61,2,True
PO1000008613,CANDI ARTHA,CANDI MAS,Kalimantan Selatan,-3.94,114.82,2,True
PO1000008614,INASCA AGROINDUSTRIAL,UNKNOWN,Hato Mayor,18.98,-69.39,1,False
PO1000008615,JOHAN SENTOSA,DARMEX AGRO,Riau,0.43,100.92,2,True
PO1000008616,KARYA SAWITINDO MAS,SINAR JAYA AGRO INVESTAMA (SJAI),Bengkulu,-2.46,101.12,2,True
PO1000008618,PERSADA ALAM JAYA,UNKNOWN,Jambi,-1.04,102.89,2,True
PO1000008619,TOR GANDA,TORGANDA,Riau,1.24,100.59,2,True
PO1000008620,PRADIKSI GUNATAMA,JHONLIN,Kalimantan Timur,-2.18,116.21,2,True
PO1000008621,PERKEBUNAN NUSANTARA XIII,PTPN III,Kalimantan Timur,-1.42,116.25,2,True
PO1000008622,MEKAR SARI ALAM LESTARI,DARMEX AGRO,Riau,0.12,102.34,2,True
PO1000008623,GAWI MAKMUR KALIMANTAN,WINGS AGRO,Kalimantan Timur,-1.44,116.4,2,True
PO1000008624,"A BROWN ENERGY AND RESOURCES DEVELOPMENT, INC. (ABERDI)","A BROWN ENERGY AND RESOURCES DEVELOPMENT, INC. (ABERDI)",Bukidnon,8.33,125.0,1,False
PO1000008626,WANA SAWIT SUBUR LESTARI,BEST INDUSTRY,Kalimantan Tengah,-2.51,112.01,2,True
PO1000008627,COOPEAGROPAL R.L.,UNKNOWN,Alajuela,9.98,-84.28,1,False
PO1000008629,SENTRA KARYA MANUNGGAL,UNKNOWN,Kalimantan Barat,0.87,111.86,1,True
PO1000008630,"SIAM MODREN PALM CO,. LTD",UNKNOWN,Krabi,8.51,98.69,1,False
PO1000008633,INTI KEBUN SEJAHTERA,KAYU LAPIS INDONESIA,Papua Barat,-1.29,131.25,2,True
PO1000008636,BUKIT SAWIT SEMESTA,UNKNOWN,Sumatera Barat,-0.34,99.96,2,True
PO1000008637,UNITED FLEET PALMS,UNKNOWN,Pulau Pinang,9.22,99.14,1,False
PO1000008639,PUTERA MANUNGGAL PERKASA,ANJ AGRO,Papua Barat,-1.78,132.46,2,True
PO1000008640,HAMPARAN MASAWIT BANGUN PERSADA,BEST INDUSTRY,Kalimantan Tengah,-2.56,112.46,2,True
PO1000008641,PT LANGKAT NUSANTARA KEPONG,KUALA LUMPUR KEPONG (KLK),Sumatera Utara,3.51,98.31,2,True
PO1000008642,INDUSTRIAS ACEITERAS DEL CARIBE DE HONDURAS (HONDUCARIBE),UNKNOWN,Cortés,15.75,-87.84,1,False
PO1000008643,SURYA MAS CIPTA PERKASA,BEST INDUSTRY,Kalimantan Tengah,-3.03,113.86,2,True
PO1000008644,PERKEBUNAN NUSANTARA XIII,PTPN III,Kalimantan Timur,-1.67,116.13,2,True
PO1000008645,INDUSTRIAS PALM OLEO,UNKNOWN,Ucayali,-8.41,-74.63,1,False
PO1000008646,INDUSTRIAS DEL ESPINO S.A.,GRUPO PALMAS / PALMAS DEL ESPINO,San Martín,-8.1,-76.6,1,False
PO1000008647,PERKEBUNAN NUSANTARA XIII,PTPN III,Kalimantan Timur,-1.63,116.14,1,True
PO1000008652,BORNEO INDO SUBUR,NPC RESOURCES BERHAD,Kalimantan Timur,-1.48,116.15,2,True
PO1000008654,DEWATA SAWIT NUSANTARA,DHARMA SATYA NUSANTARA (DSN),Kalimantan Timur,1.28,116.78,2,True
PO1000008656,SENTOSA KALIMANTAN JAYA,UNKNOWN,Kalimantan Timur,2.34,118.06,2,True
PO1000008658,LANANG AGRO BERSATU,SAMPOERNA AGRO,Kalimantan Barat,-1.21,110.52,2,True
PO1000008659,KARYANUSA EKADAYA,ASTRA AGRO LESTARI,Kalimantan Timur,0.91,116.73,2,True
PO1000008660,SUMBER MAHARDHIKA GRAHA,UNION SAMPOERNA TRIPUTRA PERSADA (USTP),Kalimantan Tengah,-2.13,111.33,2,True
PO1000008661,KEBUN GANDA PRIMA,SALIM GROUP,Kalimantan Barat,0.4,110.26,2,True
PO1000008663,BANYU BENING UTAMA,DARMEX AGRO,Riau,-0.48,102.68,2,True
PO1000008664,WANA JINGGA TIMUR,DARMEX AGRO,Riau,-0.45,101.88,2,True
PO1000008665,CERENTI SUBUR,DARMEX AGRO,Riau,-0.56,101.76,2,True
PO1000008666,LONG BANGUN PRIMA SAWIT,UNKNOWN,Kalimantan Timur,1.42,117.86,2,True
PO1000008811,AGROPALMA,AGROPALMA,Pará,-2.52,-48.8,1,False
PO1000009014,KENCANA AMAL TANI,DARMEX AGRO,Riau,-0.64,102.49,2,True
PO1000009015,BINA PRATAMA SAKOTO JAYA,INCASI RAYA (GUNAS),Sumatera Barat,-0.86,101.45,2,True
PO1000009016,SASANA YUDHA BAKTI,REA HOLDINGS,Kalimantan Timur,0.42,116.15,2,True
PO1000009018,COMPANIA GRUIMASEL S.A.,UNKNOWN,Esmeraldas,0.33,-79.27,1,False
PO1000009019,ENSEM SAWITA,TENERA LESTARI,Aceh,4.57,97.92,2,True
PO1000009020,MULIA TANI JAYA,UNKNOWN,Sumatera Utara,3.87,98.35,2,True
PO1000009021,KHARISMA ALAM PERSADA,AMARA PLANTATION,Kalimantan Selatan,-2.93,114.95,2,True
PO1000009022,UNI PRIMACOM,MUSIRAWAS,Kalimantan Tengah,-1.86,112.72,2,True
PO1000009023,PERKEBUNAN NUSANTARA VIII,PTPN III,Jawa Barat,-6.52,106.5,2,True
PO1000009024,KWANTAS OIL SDN BHD,KWANTAS CORPORATION BERHAD,Sabah,5.23,117.72,1,False
PO1000009025,CIPTA TUMBUH BERBUAH,UNKNOWN,Kalimantan Barat,-0.3,109.58,2,True
PO1000009027,AGRI MITRA KARYA,UNKNOWN,Bengkulu,-2.65,101.29,2,True
PO1000009068,HINDOLI,CARGILL,Sumatera Selatan,-2.55,103.94,2,True
PO1000009211,WINDU NABATINDO ABADI,BUMITAMA GUNAJAYA AGRO (BGA),Kalimantan Tengah,-1.8,112.99,2,True
PO1000009242,"BRADEN GROUP, S.A.","BRADEN GROUP, S.A.",Petén,16.18,-90.42,1,False
PO1000009355,MUTIARA SAWIT LESTARI,UNKNOWN,Aceh,4.83,97.84,2,True
PO1000009356,KRESNA DUTA AGROINDO,SINAR MAS,Kalimantan Timur,0.97,116.83,2,True
PO1000009357,SAFACAM,SOCFIN,Littoral,3.74,9.99,1,False
PO1000009358,CIPTA FUTURA,UNKNOWN,Sumatera Selatan,-3.51,103.7,2,True
PO1000009360,COMMUNITY ENTERPRISE OF NARATHIWAT,UNKNOWN,Narathiwat,6.49,101.76,1,False
PO1000009361,PRACHONGKIJ PALM OIL,UNKNOWN,Ranong,10.57,98.88,1,False
PO1000009362,"UNIPALM INDUSTRY CO., LTD",UNKNOWN,Surat Thani,8.63,98.96,1,False
PO1000009409,ANDALAS WAHANA BERJAYA,TSH RESOURCES,Sumatera Barat,-1.12,101.55,2,True
PO1000009425,"S.P.O AGRO-INDUSTRIES CO, LTD",UNKNOWN,Chumphon,9.91,99.08,1,False
PO1000009557,PERKEBUNAN NUSANTARA XIV,PTPN III,Sulawesi Selatan,-2.62,120.65,2,True
PO1000009558,BUNGO SUKO MENANTI,UNKNOWN,Jambi,-1.31,101.77,2,True
PO1000009559,KURNIA BATANG HARI BERJAYA,UNKNOWN,Jambi,-1.79,103.08,2,True
PO1000009560,RIOPAILA CASTILLA S.A.,UNKNOWN,Valle del Cauca,3.37,-76.29,1,False
PO1000009561,TEUPIN LADA,UNKNOWN,Aceh,5.05,97.57,2,True
PO1000009566,SENTOSA PRIMA AGRO,BUMITAMA GUNAJAYA AGRO (BGA),Kalimantan Barat,-1.75,110.49,2,True
PO1000009567,SAWIT INTI PRIMA PERKASA,UNKNOWN,Riau,1.25,101.15,2,True
PO1000009568,PERTUBUHAN PELADANG NEGERI PERAK (PPNP),PERTUBUHAN PELADANG NEGERI PERAK (PPNP),Perak,4.46,100.77,1,False
PO1000009580,GUNUNG SAWIT MAS,UNKNOWN,Riau,1.08,100.29,2,True
PO1000009584,SAWIT MULTI UTAMA,CITRA BORNEO INDAH (CBI),Kalimantan Tengah,-1.84,111.53,1,True
PO1000009588,MINANGA OGAN,MINANGA,Sumatera Selatan,-4.06,104.13,2,True
PO1000009713,WATAWALA PLANTATIONS PLC NIYA,UNKNOWN,Galle,6.15,80.33,1,False
PO1000009854,AGROINDUSTRIAS DE MAPASTEPEC S.A.. DE C.V.,GRUPO OLEOMEX (OLEOFINOS),Chiapas,16.4,-90.56,1,False
PO1000009960,SIPEFCI,SIPEF,Bas-Sassandra,5.3,-6.04,1,False
PO1000009990,SOCFIN S.A.,UNKNOWN,Edo,6.41,5.24,1,False
PO1000010006,SUKSES GEMILANG PALEM,UNKNOWN,Jambi,-2.27,102.55,2,True
PO1000010007,KHATULISTIWA SINERGI OMNIDAYA,UNKNOWN,Kalimantan Tengah,-2.22,111.46,2,True
PO1000010010,PRIMANUSA GLOBAL LESTARI,UNKNOWN,Sulawesi Barat,-1.99,119.32,2,True
PO1000010011,PROSYMPAC AGRO LESTARI,UNKNOWN,Sumatera Selatan,-1.81,103.85,2,True
PO1000010012,BERKAT SAWIT SUKAMAJU,UNKNOWN,Sumatera Selatan,-2.67,104.08,2,True
PO1000010013,DHARMASRAYA PALMA SEJAHTERA,JAWA POS,Jambi,-1.65,102.93,2,True
PO1000010014,ERASAKTI WIRA FORESTAMA,UNKNOWN,Jambi,-1.52,103.64,2,True
PO1000010015,SURYA SUMBER SAWIT ABADI,UNKNOWN,Jambi,-1.47,102.62,2,True
PO1000010016,PALMA GEMILANG KENCANA,UNKNOWN,Jambi,-1.3,103.49,2,True
PO1000010017,DELTA-PELITA SEBAKONG,UNKNOWN,Sarawak,2.67,112.16,1,False
PO1000010018,BUKIT KAUSAR,UNKNOWN,Jambi,-1.25,102.95,2,True
PO1000010019,TETANGGA AKRAB SDN BHD,TETANGGA AKRAB,Sarawak,3.96,113.9,1,False
PO1000010020,SEPANJANG INTI SURYA UTAMA,GENTING PLANTATIONS,Kalimantan Barat,0.81,110.77,2,True
PO1000010021,FGV PALM INDUSTRIES SDN BHD,FGV HOLDINGS BERHAD,Trengganu,5.41,102.8,1,False
PO1000010022,FGV PALM INDUSTRIES SDN BHD,FGV HOLDINGS BERHAD,Johor,1.47,104.2,1,False
PO1000010023,ALCOPALMA S.A.,UNKNOWN,Santo Domingo de los Tsachilas,-0.03,-79.35,1,False
PO1000010024,PERDANA SAWIT PLANTATION,UNKNOWN,Kalimantan Barat,0.5,111.49,2,True
PO1000010025,KILANG KELAPA SAWIT SELUMPUR SDN BHD,KILANG KELAPA SAWIT SELUMPUR SDN BHD,Johor,2.62,102.81,1,False
PO1000010026,SARANA TITIAN PERMATA,WILMAR GROUP,Kalimantan Tengah,-2.9,112.61,2,True
PO1000010027,HARIYAMA SDN BHD,JAYA TIASA HOLDINGS BERHAD,Sarawak,2.66,111.86,1,False
PO1000010028,BALAM SAWIT SEJAHTERA,UNKNOWN,Riau,1.7,100.68,2,True
PO1000010029,WANA SAWIT SUBUR LESTARI,BEST INDUSTRY,Kalimantan Tengah,-2.62,112.1,2,True
PO1000010030,SUMBER BUMI SAWIT JADI RAYA,UNKNOWN,Sumatera Utara,2.8,99.2,2,True
PO1000010031,CAKUNG PERMATA NUSA,ASTRA AGRO LESTARI,Kalimantan Selatan,-2.14,115.49,2,True
PO1000010032,FGV PALM INDUSTRIES SDN BHD,FGV HOLDINGS BERHAD,Sabah,5.38,119.1,1,False
PO1000010033,AGUMIL PHILIPPINES,UNKNOWN,Palawan,8.89,117.96,1,False
PO1000010034,PACO TRADING SDN BHD,UNKNOWN,Surat Thani,8.96,99.22,1,False
PO1000010035,GRUPO AGROINDUSTRIAL RIO PAILA CASTILLA,UNKNOWN,Vichada,5.03,-70.84,1,False
PO1000010037,DEKELOIL PUBLIC LTD,UNKNOWN,Comoé,5.38,-3.32,1,False
PO1000010038,MITRA OGAN,RAJAWALI NUSANTARA INDONESIA (RNI),Sumatera Selatan,-3.91,104.33,2,True
PO1000010039,GIGA PUTRA PERKASA,UNKNOWN,Riau,0.42,100.81,2,True
PO1000010040,LAMPUNG INTER PERTIWI,KARYA CANGGIH MANDIRI UTAMA (KCMU)/GAJAH TUNGGAL,Lampung,-3.86,105.29,2,True
PO1000010041,SUMBER WANGI ALAM,UNKNOWN,Sumatera Selatan,-3.85,105.19,2,True
PO1000010042,SELATAN AGUNG SEJAHTERA,UNKNOWN,Sumatera Selatan,-3.17,103.11,2,True
PO1000010043,BANGUN JAYA ALAM PERMAI,BEST INDUSTRY,Kalimantan Tengah,-2.09,112.04,2,True
PO1000010044,JAYA AGRO MANDIRI,UNKNOWN,Lampung,-4.86,104.94,2,True
PO1000010045,DELIMUDA PERKASA,DARMEX AGRO,Jambi,-1.63,102.95,2,True
PO1000010046,SAWIT UNGGUL AGRO NIAGA,GAMA PLANTATIONS,Kalimantan Timur,-0.35,117.39,2,True
PO1000010047,AGRINDO SAWIT MANDIRI,UNKNOWN,Kalimantan Tengah,-2.35,112.31,2,True
PO1000010048,TH INDO PLANTATIONS,GAMA PLANTATIONS,Riau,0.25,102.98,2,True
PO1000010049,MANAKARRA UNGGUL LESTARI,WIDYA,Sulawesi Barat,-2.2,119.43,2,True
PO1000010050,KAPUAS RIMBA SEJAHTERA,HPI-AGRO (DJARUM),Kalimantan Barat,0.61,109.93,2,True
PO1000010051,LUBUK BENDAHARA PALMA INDUSTRI,UNKNOWN,Riau,0.67,100.51,2,True
PO1000010052,PRIMA MAS LESTARI,UNKNOWN,Jambi,-1.71,102.16,2,True
PO1000010053,DARMEX AGRO,DARMEX AGRO,Kalimantan Barat,0.94,109.17,2,True
PO1000010054,OLEORIOS S.A.,UNKNOWN,Los Rios,-1.2,-79.42,1,False
PO1000010055,CERIA PRIMA,DARMEX AGRO,Kalimantan Barat,1.3,109.67,2,True
PO1000010056,ALAM PERMAI MAKMUR RAYA,UNKNOWN,Kalimantan Timur,-1.1,116.61,2,True
PO1000010057,TOR GANDA,TORGANDA,Riau,1.44,100.34,2,True
PO1000010058,PALMAC,UNKNOWN,Esmeraldas,0.04,-79.37,1,False
PO1000010059,SINGKIL SEJAHTERA MAKMUR,UNKNOWN,Aceh,2.46,98.03,2,True
PO1000010060,PALMAC,UNKNOWN,Esmeraldas,0.39,-79.2,1,False
PO1000010061,KHARISMA ISKANDAR MUDA,UNKNOWN,Aceh,4.09,96.44,2,True
PO1000010062,CAHAYA UNGGUL PRIMA,UNKNOWN,Kalimantan Barat,0.46,111.34,2,True
PO1000010063,BIMA DESA SAWITA,UNKNOWN,Aceh,4.29,98.0,2,True
PO1000010064,PARASAWITA,PARASAWITA,Aceh,4.36,98.15,2,True
PO1000010065,KARYA AGUNG SAWITA,SUMBER TANI AGUNG,Sumatera Utara,0.9,100.11,2,True
PO1000010067,ENSENGEI PALM OIL MILL SDN BHD,ENSENGEI PALM OIL MILL SDN BHD,Sarawak,1.31,110.62,1,False
PO1000010068,SARAWAK OIL PALMS BHD,SARAWAK OIL PALMS BERHAD,Sarawak,4.13,113.99,1,False
PO1000010069,PERMATA NUSA SEJATI,UNKNOWN,Kalimantan Timur,4.17,117.44,2,True
PO1000010070,PANDEWAN PALM OIL MILL SDN BHD,UNKNOWN,Sabah,4.9,116.48,1,False
PO1000010071,"FILIPINAS PALMOIL INDUSTRIES, INC. (FPII)",UNKNOWN,Agusan del Sur,8.42,126.02,1,False
PO1000010072,UMEKAH SARI PRATAMA,FIRST RESOURCES,Kalimantan Barat,-2.12,110.98,2,True
PO1000010073,ADITYA AGROINDO,INCASI RAYA (GUNAS),Kalimantan Barat,-0.44,110.23,2,True
PO1000010074,SINAR UTAMA NABATI,UNKNOWN,Riau,-0.39,101.42,2,True
PO1000010075,GLOBALINDO AGRO LESTARI,SIN TEK HUAT,Banten,-6.63,105.63,2,True
PO1000010076,AGRO INDRALAYA MANDIRI,UNKNOWN,Sumatera Selatan,-3.18,104.59,2,True
PO1000010078,GLOBALINDO AGUNG LESTARI,GENTING PLANTATIONS,Kalimantan Tengah,-2.58,114.59,2,True
PO1000010168,EXTRACOSTA S.A.,UNKNOWN,Los Rios,-1.56,-79.54,1,False
PO1000010169,POLIGROW COLOMBIA LTDA,UNKNOWN,Meta,3.01,-72.2,1,False
PO1000010240,DHARMA SATYA NUSANTARA,DHARMA SATYA NUSANTARA (DSN),Kalimantan Timur,1.28,116.92,2,True
PO1000010249,KRESNA DUTA AGROINDO,SINAR MAS,Kalimantan Timur,1.11,117.02,2,True
PO1000010250,AGRA BUMI NIAGA,UNKNOWN,Aceh,4.58,97.62,2,True
PO1000010251,MUKO PANEN RAYA ABADI,UNKNOWN,Bengkulu,-2.76,101.39,2,True
PO1000010252,SEMPURNA SEJAHTERA,UNKNOWN,Kalimantan Timur,4.16,117.7,2,True
PO1000010253,TH INDO PLANTATIONS,GAMA PLANTATIONS,Riau,0.2,103.01,2,True
PO1000010254,TH INDO PLANTATIONS,GAMA PLANTATIONS,Riau,0.11,103.17,2,True
PO1000010255,TH INDO PLANTATIONS,GAMA PLANTATIONS,Riau,0.1,103.03,2,True
PO1000010256,GAJAH SAKTI SAWIT,SINAR JAYA AGRO INVESTAMA (SJAI),Bengkulu,-2.87,101.44,2,True
PO1000010257,ADIMULIA PALMO LESTARI,ADIMULIA,Jambi,-1.71,102.78,2,True
PO1000010258,SRI ANDAL LESTARI,BUANA SRIWIJAYA SEJAHTERA (BSS),Sumatera Selatan,-2.79,104.36,2,True
PO1000010262,ENSEM LESTARI,TENERA LESTARI,Aceh,4.03,96.48,2,True
PO1000010281,CERIA PRIMA,DARMEX AGRO,Kalimantan Barat,1.37,109.68,2,True
PO1000010625,PALM D SRI NAKORN,UNKNOWN,Nakhon Si Thammarat,8.05,100.21,1,False
PO1000010669,SOCFIN AGRICULTURAL COMPANY (SL) LTD,SOCFIN AGRICULTURAL COMPANY (SL) LTD,Southern,7.44,-11.89,1,False
PO1000010713,MUSIM MAS HOLDINGS PTE LTD,UNKNOWN,Kalimantan Tengah,-2.67,112.77,2,True
PO1000010727,MARKHAM FARMING COMPANY LTD,SIME DARBY PLANTATION BHD,Morobe,-6.58,146.64,1,False
PO1000010731,PT. BIO INTI AGRINDO,UNKNOWN,Papua,-7.1,140.81,2,True
PO1000010791,BENGKULU SAWIT LESTARI,BENGKULU SAWIT LESTARI,Sulawesi Barat,-1.7,119.31,2,True
PO1000010793,UNKNOWN,UNKNOWN,Aceh,5.13,97.09,2,True
PO1000010794,UNKNOWN,UNKNOWN,Riau,0.83,100.92,2,True
PO1000010795,UNKNOWN,UNKNOWN,Kalimantan Tengah,-1.46,113.4,2,True
PO1000010798,SUMBER TANI AGUNG,SIKAPAS,Sumatera Utara,1.22,98.88,1,True
PO1000010800,AGROVICMART,AGROVICMART,Casanare,4.98,-72.62,1,False
PO1000010802,DHARMA SATYA NUSANTARA,DHARMA SATYA NUSANTARA (DSN),Kalimantan Barat,-0.1,111.03,2,True
PO1000010803,EXTRACEITE,EXTRACEITE,Atlántico Sur,12.2,-84.23,1,False
PO1000010804,GOLDEN AGRO PLANTATION (GAP),GOLDEN AGRO PLANTATION (GAP),Sarawak,2.67,112.13,1,False
PO1000010805,KARYA HEVEA INDONESIA,KARYA HEVEA INDONESIA,Sumatera Utara,3.37,99.02,2,True
PO1000010806,KENCANA AGRI GROUP,KENCANA AGRI,Sulawesi Tengah,-1.22,122.52,2,True
PO1000010807,KIARA SAWIT ABADI,KIARA SAWIT ABADI,Kalimantan Barat,0.82,111.01,2,True
PO1000010809,OLEOINVERSIONES ZOMAC,OLEOINVERSIONES ZOMAC,Casanare,4.69,-72.08,1,False
PO1000010810,PALMAS OLEAGINOSAS BUCARELIA S.A.S.,PALMAS OLEAGINOSAS BUCARELIA SAS,Santander,7.23,-73.85,1,False
PO1000010811,SAGO,SAGO,Sumatera Utara,1.54,98.98,2,True
PO1000010812,SUMBER TANI AGUNG,SUMBER TANI AGUNG,Riau,1.31,100.17,1,True
PO1000010813,SUNGAI SUGUT,SUNGAI SUGUT,Sabah,5.85,117.32,1,False
PO1000010814,UNIACEITES,UNIACEITES,Petén,16.54,-89.86,1,False
PO1000010815,WILMAR INTERNATIONAL LTD,WILMAR GROUP,Kalimantan Barat,1.42,109.54,2,True
PO1000010817,WTK GROUP,WTK GROUP,Sarawak,2.85,112.71,1,False
PO1000010882,AGRO ARTHA SURYA,AGRO ARTHA SURYA,Gorontalo,0.75,122.43,2,True
PO1000010883,RANTAU GEDANG,SAWIT JAMBI LESTARI (PRG),Jambi,-1.53,102.91,2,True
PO1000010884,OTACO,OTACO CO,Trang,7.72,99.32,1,False
PO1000010886,EXTRACTORA LOMA FRESCA,OIL SUM,Bolívar,7.53,-73.94,1,False
PO1000010944,KPN,KPN,Kalimantan Barat,-0.08,109.7,2,True
PO1000010945,PERMATA NUSA SEJATI,PERMATA NUSA SEJATI,Kalimantan Barat,-0.3,111.64,2,True
PO1000010946,TBS OIL MILL SDN BHD,TBS OIL MILL SDN BHD,Sarawak,2.01,111.35,1,False
PO1000010947,IGAN OIL MILL SDN BHD,IGAN OIL MILL SDN BHD,Sarawak,2.78,111.74,1,False
PO1000010948,PERKEBUNAN NUSANTARA VII,PTPN VII,Sumatera Selatan,-2.87,104.19,1,True
PO1000010949,UNIVANICH PALM OIL PUBLIC COMPANY LTD,UNIVANICH PALM OIL,Krabi,7.99,99.21,1,False
PO1000010950,CI TOP S.A,CI TOP,Nariño,1.46,-78.69,1,False
PO1000010951,UNIVANICH PALM OIL PUBLIC COMPANY LTD,UNIVANICH PALM OIL,Phangnga,9.24,98.4,1,False
PO1000010952,KENRAM PALM OIL INDUSTRIES,KENRAM PALM OIL INDUSTRIES,Sultan Kudarat,6.68,124.6,1,False
PO1000011157,KRISHNA ENTERPRISES,UNKNOWN,Kerala,8.95,77.0,1,False
PO1000011158,CITALARAS CIPTA INDONESIA,UNKNOWN,Sumatera Barat,-2.06,101.01,1,True
PO1000011160,PERKEBUNAN NUSANTARA II,PTPN III,Papua,-2.78,140.72,2,True
PO1000011161,BUANA TUNAS SEJAHTERA,UNKNOWN,Kalimantan Barat,0.78,111.78,1,True
PO1000011163,PALM THONG THAI CO,UNKNOWN,Prachuap Khiri Khan,12.27,99.84,1,False
PO1000011164,PHATTRA PALM OIL,UNKNOWN,Krabi,8.22,99.05,1,False
PO1000011167,ALAM JAYA PERSADA,UNKNOWN,Kalimantan Timur,-0.93,117.15,2,True
PO1000011168,SUMBER TANI AGUNG,UNKNOWN,Sumatera Utara,1.32,100.01,1,True
PO1000011169,TZEN PLANTATION,UNKNOWN,East New Britain,-4.96,151.96,1,False
PO1000011170,PALMAS DE CANDELARIA,UNKNOWN,Campeche,18.32,-91.36,1,False
PO1000011171,TELANGANA STATE OIL FEDERATION,UNKNOWN,Telangana,17.25,81.1,1,False
PO1000011172,EQUATORIAL PALM OIL,UNKNOWN,GrandBassa,5.83,-9.76,1,False
PO1000011173,SALCRA,UNKNOWN,Sarawak,1.33,111.45,1,False
PO1000011174,DHANISTA SURYA NUSANTARA,UNKNOWN,Kalimantan Barat,-0.96,110.4,2,True
PO1000011175,AEN PALM OIL PROCESSING,UNKNOWN,Kalutara,6.55,80.23,1,False
PO1000011179,SUMBER TANI AGUNG,UNKNOWN,Sumatera Utara,1.22,98.9,2,True
PO1000011180,TIAN TUJUHPULUH UTAMA,UNKNOWN,Riau,1.68,100.53,2,True
PO1000011181,TECK GUAN GROUP,UNKNOWN,Sabah,5.07,118.26,1,False
PO1000011182,MUSTIKA AGUNG SAWIT GEMILANG,UNKNOWN,Riau,-0.53,101.99,2,True
PO1000011183,PROSPER GROUP,UNKNOWN,Pahang,2.8,103.31,1,False
PO1000011184,PERMATA HIJAU GROUP,UNKNOWN,Riau,1.43,101.19,2,True
PO1000011186,PROSYMPAC AGRO LESTARI,UNKNOWN,Sumatera Selatan,-1.99,104.03,1,True
PO1000011188,DHANISTA SURYA NUSANTARA,UNKNOWN,Kalimantan Barat,-2.2,110.81,2,True
PO1000011190,BIDCO UGANDA,UNKNOWN,Kalangala,-0.32,32.15,1,False
PO1000011191,MANOBANDACORP,UNKNOWN,Los Rios,-1.07,-79.61,1,False
PO1000011192,BELEM BIOENERGIA,UNKNOWN,Pará,-2.8,-48.94,1,False
PO1000011193,GADING SAWIT KENCANA,UNKNOWN,Kalimantan Tengah,-2.51,112.55,2,True
PO1000011194,GENG GROUP,UNKNOWN,Riau,0.61,101.24,2,True
PO1000011195,UNITED MALACCA,UNKNOWN,Kalimantan Tengah,-2.74,114.46,2,True
PO1000011196,TRIPUTRA AGRO PERSADA,UNKNOWN,Kalimantan Tengah,-2.19,111.34,2,True
PO1000011197,AGRIPRIMA CIPTA PERSADA,UNKNOWN,Papua,-7.45,140.5,2,True
PO1000011198,BUMI KHATULISTIWA MANDIRI,UNKNOWN,Sumatera Selatan,-3.27,105.81,2,True
PO1000011199,PALMCI,UNKNOWN,Gôh-Djiboua,5.64,-5.32,1,False
PO1000011200,UNKNOWN,UNKNOWN,Meta,4.35,-73.0,1,False
PO1000011201,UNKNOWN,UNKNOWN,Meta,3.9,-73.54,1,False
PO1000011214,UNKNOWN,UNKNOWN,Sarawak,2.98,112.48,1,False
PO1000011215,SAWITA LEIDONG JAYA,UNKNOWN,Riau,0.54,101.39,1,True
PO1000011263,BERSAMA OESAHA SARAGIH SEJAHTERA,UNKNOWN,Sumatera Utara,3.21,98.88,2,True
PO1000011299,OKOMU OIL PALM COMPANY PLC,SOCFIN,Edo,6.67,5.81,1,False
PO1000011300,PT BULUNGAN HIJAU PERKASA,FANGIONO AGRO PLANTATION,Kalimantan Timur,3.93,116.82,2,True
PO1000011301,PT INTI SELARAS PERKASA,WINGS CORP,Kalimantan Timur,2.74,117.21,2,True
PO1000011302,PLANTATION SOCFINAF GHANA (PSG),SOCFIN,Western,5.16,-1.71,1,False
PO1000011303,SOCAPALM (SOCIÉTÉ CAMEROUNAISE DE PALMERAIES),SOCFIN,Littoral,3.73,9.86,1,False
PO1000011304,SOCAPALM (SOCIÉTÉ CAMEROUNAISE DE PALMERAIES),SOCFIN,Littoral,3.57,10.11,1,False
PO1000011305,PT NATURA PASIFIC NUSANTARA,TRIPUTRA,Kalimantan Timur,2.25,116.98,2,True
PO1000011306,PT HANUSENTRA AGRO LESTARI,DHARMA AGUNG WIJAYA,Kalimantan Timur,1.18,117.9,2,True
PO1000011307,PT BORNEO BHAKTI SEJAHTERA,FANGIONO AGRO PLANTATION,Kalimantan Timur,0.5,115.37,2,True
PO1000011309,PT RAFI KAMAJAYA ABADI,TDM BERHAD,Kalimantan Barat,-0.24,111.62,2,True
PO1000011310,PT PADANG PALMA PERMAI,SIME DARBY,Aceh,4.31,98.03,2,True
PO1000011311,PT SAWIT JAYA ABADI,ASTRA AGRO LESTARI,Sulawesi Tengah,-1.96,120.83,2,True
PO1000011312,PT TRIBUANA MAS,ASTRA AGRO LESTARI,Kalimantan Selatan,-2.73,114.84,2,True
PO1000011313,BRABANTA S.A.,SOCFIN,Maï-Ndombe,-4.38,20.29,1,False
PO1000011314,SOCAPALM (SOCIÉTÉ CAMEROUNAISE DE PALMERAIES),SOCFIN,Littoral,4.22,9.61,1,False
PO1000011315,SOCAPALM (SOCIÉTÉ CAMEROUNAISE DE PALMERAIES),SOCFIN,Centre,3.64,10.71,1,False
PO1000011316,SOCAPALM (SOCIÉTÉ CAMEROUNAISE DE PALMERAIES),SOCFIN,Littoral,3.87,9.86,1,False
PO1000011317,SOCAPALM (SOCIÉTÉ CAMEROUNAISE DE PALMERAIES),SOCFIN,Sud,2.86,9.98,1,False
PO1000011318,PT BUMI PERKASA GEMILANG,TUNAS BARU LAMPUNG,Kalimantan Barat,-0.35,109.69,2,True
PO1000011319,PT SINERGI PERKEBUNAN NUSANTARA,PTPN IV,Sulawesi Tengah,-1.99,121.01,2,True
PO1000011396,SOCFIN S.A.,SOCFIN,Sao Tome,0.11,6.6,1,False
PO1000011406,GOODHOPE ASIA HOLDINGS LTD,UNKNOWN,Papua,-3.46,135.26,2,True
PO1000011477,TANDAN SAWITA PAPUA,UNKNOWN,Papua,-2.87,140.88,2,True
PO1000011478,SINDORA SERAYA,UNKNOWN,Riau,1.89,100.95,2,True
PO1000011503,GOLDTREE (S.L.) LTD,UNKNOWN,Kailahun,7.97,-10.86,1,False
PO1000011551,TAU BRASIL PALMA SA,UNKNOWN,Pará,-2.89,-48.27,1,False
PO1000011552,PARENTNAME IS MILLNAME,UNKNOWN,Sumatera Utara,3.88,98.34,2,True
PO1000011553,DUPONT & LEOSK ENTERPRISES SDN BHD,UNKNOWN,Sumatera Selatan,-2.56,104.77,2,True
PO1000011554,GAMA PLANTATION / KPN CORPORATION,UNKNOWN,Kalimantan Barat,-0.36,112.13,2,True
PO1000011556,MERLUNG INTI LESTARI,UNKNOWN,Jambi,-1.33,103.27,2,True
PO1000011557,SURYA SAWIT SEJAHTERA,UNKNOWN,Sulawesi Selatan,-2.6,120.57,2,True
PO1000011591,KALIMANTAN AGRO NUSANTARA,UNKNOWN,Kalimantan Timur,0.68,117.23,2,True
PO1000011790,KL-KEPONG (SABAH) SDN BHD,KUALA LUMPUR KEPONG (KLK),Sabah,4.46,118.22,1,False
PO1000011910,MAHATO INTI SAWIT,UNKNOWN,Riau,1.37,100.3,2,True
PO1000011911,SAWIT JAYA MANDIRI LESTARI,UNKNOWN,Riau,-0.44,102.26,2,True
PO1000011912,SAWIT RUPAT SEJAHTERA,UNKNOWN,Riau,1.93,101.73,2,True
PO1000011913,GILFORD,UNKNOWN,Kalimantan barat,0.36,109.37,2,True
PO1000011914,AGUMIL PHILIPPINES,UNKNOWN,East new britain,-5.73,151.38,1,False
PO1000011915,AGUMIL PHILIPPINES,UNKNOWN,Agusan del Sur,8.09,126.08,1,False
PO1000011916,NEW BRITAIN PALM OIL,UNKNOWN,East new britain,-4.36,151.95,1,False
PO1000011917,HAP SENG CONSOLIDATED BHD,UNKNOWN,Kalimantan barat,0.76,110.67,2,True
PO1000011918,ASTANA ENDAH,UNKNOWN,Perak,4.19,100.81,1,False
PO1000011991,AGRO SEJAHTERA,UNKNOWN,Riau,-0.52,102.02,2,True
PO1000011992,SELARAS MITRA SARIMBA,UNKNOWN,Jambi,-1.41,102.27,2,True
PO1000011993,KELANTAN SAKTI,UNKNOWN,Sumatera Selatan,-3.51,104.94,2,True
PO1000011994,COOPERATIVA DE UNION DE PALMICULTORES DE LA COSTA DE CHIAPAS,UNKNOWN,Chiapas,15.32,-92.82,1,False
PO1000012067,UNIVANICH PALM OIL PUBLIC COMPANY LTD,UNKNOWN,Phattalung,7.32,100.15,1,False
PO1000012105,MANUTI PALM SAMO,UNKNOWN,Bonoua,5.23,-3.48,1,False
PO1000012291,"THAI TALLOW AND OIL CO, LTD",UNKNOWN,Nakhon Si Thammarat,8.09,100.14,1,False
PO1000012424,WIJAYA BOMEO TIGANNA,UNKNOWN,Kalimantan Selatan,-2.84,116.05,2,True
PO1000012448,MUSIM MAS HOLDINGS PTE LTD,UNKNOWN,Kalimantan Barat,-1.72,110.67,2,True
PO1000012465,BUMI MAJU SAWIT,UNKNOWN,Sulawesi Selatan,-2.46,120.95,2,True
PO1000012525,"CHUMPHON S.P. PALM OIL CO., LTD",UNKNOWN,Chumphon,9.74,99.08,1,False
PO1000012526,,UNKNOWN,Satun,6.93,99.94,1,False
PO1000012582,WILMAR INTERNATIONAL LTD,WILMAR GROUP,Akamkpa,5.29,8.3,1,False
PO1000012622,PALMARIS RAYA,UNKNOWN,Sumatera Utara,0.44,99.26,2,True
PO1000012623,PATRAMA PALM ABADI,UNKNOWN,Sumatera Selatan,-2.76,103.26,2,True
PO1000012638,PSI PALM OIL,UNKNOWN,Eastern,6.22,-0.84,1,False
PO1000012639,GHANAIAN,UNKNOWN,Kadjebi District,7.72,0.54,1,False
PO1000012640,GHANAIAN,UNKNOWN,Assin North,5.85,-1.33,1,False
PO1000012843,PT SETIA AGRINDO MANDIRI,UNKNOWN,Riau,-0.43,102.97,2,True
PO1000012844,SAWIT INTI RAYA,UNKNOWN,Riau,-0.46,102.17,2,True
PO1000012845,SANLING SAWIT SEJATERA,UNKNOWN,Riau,-0.38,102.16,2,True
PO1000012846,PT CITRA AGRO KENCANA,UNKNOWN,Kalimantan Timur,-0.47,115.59,2,True
PO1000012848,ARSI GROUP,UNKNOWN,Sumatera Selatan,-2.86,104.94,2,True
PO1000012849,PALMA BUMI LESTARI,UNKNOWN,Kalimantan Barat,0.48,110.06,2,True
PO1000012850,"GRAHA PERMATA HIJAU,GRAHA PE",UNKNOWN,Riau,0.4,100.84,1,True
PO1000012851,BUKIT JEJER SUKSES,UNKNOWN,Sulawesi Tengah,-2.29,121.79,2,True
PO1000012852,YUNI BERSAUDARA SEJAHTERA,UNKNOWN,Riau,-0.03,101.19,2,True
PO1000013408,GOLDEN AGRI RESOURCES,UNKNOWN,Kalimantan Barat,-2.17,110.92,2,True
PO1000013486,UNKNOWN,UNKNOWN,Sumatera Salatan,-2.84,104.33,2,True
PO1000013495,MUARA SAWIT LESTARI,UNKNOWN,Sumatera Barat,-2.28,101.16,2,True
PO1000013497,GENTING PLANTATIONS BERHAD,UNKNOWN,Kalimantan Barat,-0.34,110.19,2,True
PO1000013498,GOODHOPE ASIA HOLDINGS LTD,UNKNOWN,Kalimantan Barat,-1.01,110.53,2,True
PO1000013499,UNKNOWN,UNKNOWN,Kalimantan Timur,2.68,117.61,2,True
PO1000013512,UNKNOWN,UNKNOWN,Kalimantan Tengah,-2.25,111.43,2,True
PO1000013517,BIYU IYAS MALELA,UNKNOWN,Sumatera Utara,3.28,99.29,2,True
PO1000013772,ACEITES CA,UNKNOWN,Zulia,9.0,-71.98,1,False
PO1000013774,PALMAR EL QUITEBE,UNKNOWN,Casanare,5.54,-71.98,1,False
PO1000013776,INVERSIONES EL PALMERAL,UNKNOWN,Zulia,9.01,-71.89,1,False
PO1000013777,PERKEBUNAN SUMATERA UTARA (SIMPANG GAMBIR),UNKNOWN,Sumatera Utara,0.6,99.3,2,True
PO1000013778,BALAM BERLIAN SAWIT,UNKNOWN,Riau,1.68,100.81,2,True
PO1000013779,PERAWANG AGRO SEJAHTERA,UNKNOWN,Riau,0.6,101.62,2,True
PO1000013780,SUKSES MAJU ABADI,UNKNOWN,Jambi,-1.63,101.69,1,True
PO1000013829,HARAPAN RIMBA RAYA,UNKNOWN,Kalimantan Barat,-0.66,115.5,2,True
PO1000013836,FAJAR AGRO SAWIT,UNKNOWN,Sumatera Utara,3.5,98.31,2,True
PO1000013837,KUALA LUMPUR KEPONG BHD,KUALA LUMPUR KEPONG (KLK),Kalimantan Tengah,-1.96,111.5,1,True
PO1000013838,MUTIARA HIJAU LESTARI,UNKNOWN,Bangka Tengah,-2.58,106.24,2,True
PO1000013868,KUALA LUMPUR KEPONG BHD,UNKNOWN,Kalimantan Timur,-0.67,116.33,2,True
PO1000013886,DUA SEMERU PUTRA MANDIRI,UNKNOWN,Jambi,-2.29,102.68,2,True
PO1000013887,PUTERA BANGKA TANI,UNKNOWN,Bangka Tengah,-2.36,106.21,2,True
PO1000013888,KURNIA PALMA AGUNG LESTARI,UNKNOWN,Jambi,-1.79,102.26,2,True
PO1000013889,PANCA MITRA KATINGAN,UNKNOWN,Kalimantan Tengah,-1.7,113.14,2,True
PO1000013890,PALM MAS ASRI,UNKNOWN,Kalimantan Timur,0.67,117.39,2,True
PO1000013891,TIANJIN JULONG,UNKNOWN,Kalimantan Barat,0.01,111.56,2,True
PO1000013892,OLEONORTE,UNKNOWN,Norte de Santander,8.2,-72.55,1,False
PO1000014117,PALMERAS DEL LLANO S.A.,UNKNOWN,Meta,3.96,-73.63,1,False
PO1000014159,KALIMANTAN SAWIT KUSUMA,UNKNOWN,Kalimantan Barat,-2.58,111.02,2,True
PO1000014162,PARMA DARMA GLOBAL SAWIT,UNKNOWN,Sulawesi Selatan,-2.54,120.41,2,True
PO1000014163,BERKAT CIPTA ABADI,UNKNOWN,Papua,-6.86,140.51,2,True
PO1000014164,PT GAWI BAHANDEP SAWIT MEKAR,UNKNOWN,Kalimantan Tengah,-2.89,112.41,2,True
PO1000014165,PT PERKEBUNAN NUSANTARA XIII,UNKNOWN,Kalimantan Selatan,-2.69,116.2,2,True
PO1000014167,GRUPO OCHO SUR,UNKNOWN,Uyacali,-8.18,-74.93,1,False
PO1000014168,PT GELORA MANDIRI MEMBANGUN,UNKNOWN,Maluku Utara,-0.79,128.28,2,True
PO1000014169,PT ICHIKO AGRO LESTARI,UNKNOWN,Kalimantan Barat,-0.5,109.49,2,True
PO1000014170,PT BUMI MAS AGRO (MP EVANS),UNKNOWN,Kalimantan Timur,0.88,118.4,2,True
PO1000014171,MULIA INTI PERKASA,UNKNOWN,Kalimantan Timur,2.29,116.91,2,True
PO1000014172,EXTRACTORA EL ESTERO,UNKNOWN,Casanare,4.61,-72.27,1,False
PO1000014173,PT. SATYA AGUNG,UNKNOWN,Aceh,5.01,97.11,2,True
PO1000014174,PT SAWIT MANDIRI LESTARI,UNKNOWN,Kalimantan Tengah,-1.91,111.21,2,True
PO1000014175,YUZANA COMPANY LTD,UNKNOWN,Khamaukgyi,10.41,98.62,1,False
PO1000014176,NUSANTARA AGRO SENTOSA,UNKNOWN,Kalimantan Timur,1.31,116.91,2,True
PO1000014222,AIR KAMPAR,UNKNOWN,Riau,0.42,101.18,2,True
PO1000014223,UNKNOWN,UNKNOWN,Sulawesi Selatan,-2.59,120.93,2,True
PO1000014224,UNKNOWN,UNKNOWN,Bengkulu,-3.37,101.9,2,True
PO1000014225,UNKNOWN,UNKNOWN,Kalimantan Tengah,-2.36,112.14,2,True
PO1000014226,UNKNOWN,UNKNOWN,Bangka Belitung,-2.04,105.9,2,True
PO1000014227,UNKNOWN,UNKNOWN,Bangka Belitung,-1.92,105.71,2,True
PO1000014228,UNKNOWN,UNKNOWN,Uyacali,-8.68,-74.98,1,False
PO1000014229,TRIPUTRA AGRO,UNKNOWN,Kalimantan Timur,1.54,117.19,2,True
PO1000014230,UNKNOWN,UNKNOWN,Aceh,3.93,96.66,2,True
PO1000014231,UNKNOWN,UNKNOWN,Kalimantan Barat,-0.3,112.44,2,True
PO1000014232,UNKNOWN,UNKNOWN,Sumatera Utara,3.46,98.31,2,True
PO1000014233,UNKNOWN,UNKNOWN,Bangka Tengah,-2.35,106.11,2,True
PO1000014234,UNKNOWN,UNKNOWN,Kalimantan Barat,0.79,110.71,2,True
PO1000014235,UNKNOWN,UNKNOWN,Kalimantan Barat,1.04,109.31,2,True
PO1000014236,UNKNOWN,UNKNOWN,Kalimantan Timur,4.0,116.82,2,True
PO1000014237,UNKNOWN,UNKNOWN,Bangka Belitung,-1.81,105.98,2,True
PO1000014289,UNKNOWN,UNKNOWN,Aceh,4.89,97.57,2,True
PO1000014290,UNKNOWN,UNKNOWN,Aceh,4.94,97.41,2,True
PO1000014292,UNKNOWN,UNKNOWN,Kalimantan Barat,-0.5,110.36,2,True
PO1000014293,UNKNOWN,UNKNOWN,Riau,0.03,102.12,2,True
PO1000014294,UNKNOWN,UNKNOWN,Sumatera Utara,4.06,98.13,2,True
PO1000014589,UNKNOWN,UNKNOWN,Sumatera Utara,4.05,98.13,2,True
PO1000014591,UNKNOWN,UNKNOWN,Sumatera Selatan,-3.23,104.47,2,True
PO1000014618,PT. DHARMA SATYA NUSANTARA,UNKNOWN,Kalimatan Timur,1.26,116.88,2,True
PO1000014620,UNKNOWN,UNKNOWN,Kalimantan Barat,1.29,109.39,2,True
PO1000014622,UNKNOWN,UNKNOWN,Kalimantan Timur,-0.32,116.68,2,True
PO1000014623,UNKNOWN,UNKNOWN,Riau,0.79,100.47,2,True
PO1000014624,UNKNOWN,UNKNOWN,Riau,1.54,100.43,2,True
PO1000014625,UNKNOWN,UNKNOWN,Riau,1.08,100.82,2,True
PO1000014634,MANO PALM OIL INDUSTRIES,UNKNOWN,Grand Cape Mount,6.74,-10.99,1,False
PO1000014636,ALAM GROUP,UNKNOWN,Sumatera Utara,1.01,99.02,2,True
PO1000014637,MITRA JAYA GROUP,UNKNOWN,Kalimatan Timur,-0.21,115.99,2,True
PO1000014638,GVL,UNKNOWN,Bosma Town,5.43,-9.01,1,False
PO1000014639,UNION SAMPOERNA TRIPUTRA PERSADA (USTP),UNKNOWN,Kalimatan Barat,-2.53,111.11,2,True
PO1000014640,DHARMA SATYA NUSANTARA,UNKNOWN,Kalimantan Tengah,-2.01,111.37,2,True
PO1000014641,KORINDO,UNKNOWN,Papua,-7.39,139.73,2,True
PO1000014950,BETAMI,UNKNOWN,Aceh,4.29,98.1,2,True
PO1000014951,HATONDUHAN DEARMA SAWITA,UNKNOWN,Sumatera Utara,2.81,99.19,2,True
PO1000014952,SINTONG ABADI,UNKNOWN,Sumatera Utara,2.27,99.62,2,True
PO1000014953,KARYA PANEN TERUS,UNKNOWN,Riau,-0.01,102.36,2,True
PO1000014954,MITRA PATI MAS,UNKNOWN,Lampung,-4.86,105.42,1,True
PO1000014955,ACEH TRUMON ANUGERAH KITA,UNKNOWN,Aceh,2.86,97.79,2,True
PO1000014956,PALMA SUMBER LESTARI,UNKNOWN,Sulawesi Barat,-1.58,119.36,2,True
PO1000014957,BRAU AGRO ASIA,UNKNOWN,Kalimantan Oriental,2.12,117.09,2,True
PO1000014958,SAWIT NUSANTARA INDONESIA,UNKNOWN,Sumatera selatan,-3.46,103.05,2,True
PO1000014959,SUKSES INTI PALMA,UNKNOWN,Jambi,-1.89,103.51,2,True
PO1000015133,PROLADE,UNKNOWN,Tabasco,17.76,-93.65,1,False
PO1000015291,GENK AGRO MAS,UNKNOWN,Riau,1.38,100.33,2,True
PO1000015292,PUSAKAMEGAH BUMINUSANTARA (PRB)PUSAKAMEGAH,UNKNOWN,Riau,0.41,101.77,2,True
PO1000015293,SINAR JAYA AGRO INVESTAMA,UNKNOWN,Konawe Selatan,-3.97,122.28,2,True
PO1000015294,TANI PRIMA MAKMUR,UNKNOWN,Konawe Selatan,-3.76,122.07,2,True
PO1000015295,AGRINDO SAWIT PERKASA,UNKNOWN,Sumatera Utara,1.81,100.15,1,True
PO1000015296,PT. MENARA SENTRA REJEKI (MSR),UNKNOWN,Sumatera Selatan,-2.0,103.68,2,True
PO1000015297,PT BANYUASIN SAWIT LESTARI,UNKNOWN,Sumatera Selatan,-2.6,104.37,2,True
PO1000015298,BUMI TAMIANG SENTOSA,UNKNOWN,Aceh,4.15,97.97,2,True
PO1000015299,MENTARI SAWIT MAKMUR,UNKNOWN,Bangka Belitung,-2.61,106.34,2,True
PO1000015300,BATU GUNUNG MULIA PUTRA AGRO,UNKNOWN,Kalimantan Selatan,-3.9,114.84,2,True
PO1000010259,BUANA TUNAS SEJAHTERA,KARYAMAS PLANTATION,KALIMANTAN BARAT,0.956287713206835,111.882821846396,1,True
PO1000008200,CAHAYA BINTANG SAWIT SEJATI,SUPERVENTURE,KALIMANTAN TIMUR,-1.842808,116.06802961617,1,True
PO1000002863,KRESNA DUTA AGROINDO,SINAR MAS,JAMBI,-2.1854503425387,102.641042836895,1,True
PO1000004260,HASIL KARYA BUMI SEJATI,SUPERVENTURE,RIAU,1.45130596303987,100.615914207233,1,True
PO1000004100,MEGASAWINDO PERKASA,INCASI RAYA (GUNAS),JAMBI,-1.68378254167567,102.234669648245,1,True
PO1000004858,AGRO INTI KENCANAMAS,KENCANA AGRI,KALIMANTAN TIMUR,-2.222431,116.356054,1,True
PO1000007569,KENCANA UTAMA SEJATI,GENK AGRO MAS,SUMATERA UTARA,1.0685355910781,100.11723500749,1,True
PO1000004310,BERLIAN INTI MEKAR,MAHKOTA,SUMATERA SELATAN,-3.22472175888302,104.472412365967,1,True
PO1000004562,MITRA NIAGA SEJATI JAYA,UNKNOWN,SUMATERA UTARA,4.0526877461366,98.136617131795,1,True
PO1000004212,PERKEBUNAN NUSANTARA V,PTPN III,RIAU,0.598976,100.618965,1,True
PO1000007516,PERUSAHAAN PERKEBUNAN LONDON SUMATRA INDONESIA,SALIM GROUP,KALIMANTAN TIMUR,-0.597506904245627,116.139573907799,1,True
PO1000017061,PRIMA JAYA LESTARI UTAMA,UNKNOWN,SUMATERA UTARA,2.312325,99.742655,1,True
PO1000007646,GLOBAL SAWIT SEMESTA,UNKNOWN,ACEH,2.61758218860245,98.0279099085795,1,True
PO1000004438,MAZUMA AGRO INDONESIA,UNKNOWN,SUMATERA UTARA,1.12893982427844,100.155219270052,1,True
PO1000004178,SENTOSA MULIA BAHAGIA,UNKNOWN,SUMATERA SELATAN,-2.37572529563411,103.973325986119,1,True
PO1000008208,SUMBER BUNGA SAWIT LESTARI,SUPERVENTURE,KALIMANTAN TIMUR,-1.4926976,116.44419976,1,True
PO1000004472,TOR GANDA,PANCA PUTRA GANDA,SUMATERA UTARA,1.60592129770185,100.237876317445,1,True
PO1000017408,AGRO PALINDO SAKTI,WILMAR,SUMATERA SELATAN,-2.71163854266764,104.342959044927,1,True
PO1000002132,DAYA LABUHAN INDAH,WILMAR,SUMATERA UTARA,2.28641941697902,100.14114850863,1,True
PO1000007590,RIAU AGRI,UNKNOWN,RIAU,-0.642458209044994,102.79526587873,1,True
PO1000007625,RUNDING PUTRA PERSADA,UNKNOWN,ACEH,2.46238170371721,97.9391408638262,1,True
PO1000007664,SAWIT MULTI UTAMA,CITRA BORNEO INDAH (CBI),KALIMANTAN TENGAH,-1.837888889,111.5328056,1,True
PO1000008207,HUTAN SAWIT LESTARI,HUTANINDO,KALIMANTAN TENGAH,-1.70053902665628,112.877436955007,1,True
PO1000008381,CAHAYA BINTANG SAWIT SEJATI,SUPERVENTURE,KALIMANTAN TIMUR,-2.09103155109665,116.122654235718,1,True
PO1000010077,PRATAMA UNGGUL SEJAHTERA,GAHARU CORP,KEP. BANGKA BELITUNG,-2.848872,107.617075,1,True
PO1000011159,AGRO SINERGI NUSANTARA,PTPN III,ACEH,4.453511,95.927442,1,True
PO1000011166,WAHANA KARYA SEJAHTERA MANDIRI,KPN CORP,SULAWESI BARAT,-2.1104556,119.3349683,1,True
PO1000010735,BIO INTI AGRINDO,POSCO INTERNATIONAL,PAPUA,-6.961821,140.514451,1,True
PO1000016374,UNGGUL WIDYA TEKNOLOGI LESTARI,WIDYA,SULAWESI BARAT,-1.521051,119.433931,1,True
PO1000015586,MERBAUJAYA INDAHRAYA,MAHITALA INGKENG GEMAH (MIG),SULAWESI TENGGARA,-4.336712,122.439752,1,True
PO1000010796,PALMA AGROINDO MANDIRI,SK PLUS,KALIMANTAN TENGAH,-2.382507,111.308306,1,True
PO1000011558,KASMAR MATANO PERSADA,UNKNOWN,SULAWESI SELATAN,-2.541617,120.30346,1,True
PO1000017929,BERAU SAWIT SEJAHTERA,INDOGUNTA,KALIMANTAN TIMUR,1.36092,117.07806,1,True
PO1000010808,MITRA ANDALAN SEJAHTERA,PARNA RAYA,KALIMANTAN BARAT,0.080256,109.277861,1,True
PO1000012842,PRIMA BAHAGIA PERMAI,IJM PLANTATIONS BERHAD,KALIMANTAN UTARA,2.672174,117.745799,1,True
PO1000016378,MAKIN MAJU,UNKNOWN,SUMATERA UTARA,3.806438,98.369344,1,True
PO1000015839,MENTENG KENCANA MAS,CITRA BORNEO INDAH (CBI),KALIMANTAN TENGAH,-2.947801,114.182294,1,True
PO1000016959,BINTARA TANI NUSANTARA,INCASI RAYA (GUNAS),KALIMANTAN BARAT,-0.136031,111.946838,1,True
PO1000012847,TEGUH JAYAPRIMA ABADI,MP EVANS,KALIMANTAN TIMUR,-0.20301,116.77165,1,True
PO1000015876,SAWIT SUMATERA PERKASA,UNKNOWN,SUMATERA UTARA,2.59105,99.67852,1,True
PO1000017401,SEJAHTERA MANDIRI SAWITA,UNKNOWN,SUMATERA UTARA,3.793,98.48785,1,True
PO1000016678,SAWITTA JAYA SEJAHTERA,UNKNOWN,SUMATERA UTARA,2.7946111,99.217111,1,True
PO1000016537,MANDIRI PALMERA AGRINDO,UNKNOWN,SULAWESI SELATAN,-2.5173,120.76147,1,True
PO1000016373,AGRI SINAR KENCANA,UNKNOWN,SUMATERA UTARA,3.659656,98.57782,1,True
PO1000017993,KAMPAR TUNGGAL AGRINDO,UNKNOWN,RIAU,0.7514,101.18929,1,True
PO1000014590,ANDERSON UNEDO,UNKNOWN,RIAU,0.66475,101.08255,1,True
PO1000016380,PELANTARAN SAWIT PERKASA,UNKNOWN,KALIMANTAN TENGAH,-2.01701,113.03037,1,True
PO1000016962,MUTIARA AGRO SEJAHTERA,UNKNOWN,KEP. BANGKA BELITUNG,-1.92411,105.74793,1,True
PO1000016382,SENTOSA AGRI PRIMA,UNKNOWN,SUMATERA SELATAN,-3.55879,105.2655,1,True
PO1000017403,ASIA SAWIT MAKMUR JAYA,SUPERVENTURE,RIAU,-0.16558,101.28976,1,True
PO1000016535,KEDAP SAYAAQ DUA,TRIPUTRA AGRO PERSADA,KALIMANTAN TIMUR,-0.253326,115.976669,1,True
PO1000016534,JALIN VANEO,PASIFIK AGRO SENTOSA (PAS),KALIMANTAN BARAT,-0.9918344,110.181235,1,True
PO1000016376,CITRA SAWIT INDAH LESTARI,UNKNOWN,SUMATERA UTARA,2.854844,99.908828,1,True
PO1000016539,SAMIRA MAKMUR SEJAHTERA,UNKNOWN,ACEH,3.76856,96.73292,1,True
PO1000016967,BUANA SRIWIJAYA SEJAHTERA,BUANA SRIWIJAYA SEJAHTERA (BSS),SUMATERA SELATAN,-2.5386986,103.033073,1,True
PO1000017400,SURYA DUMAI AGRINDO,FIRST RESOURCES,RIAU,1.3507342,102.06612477,1,True
PO1000015870,PULO PADANG SAWIT PERMAI,UNKNOWN,SUMATERA UTARA,2.13320409,99.8558761,1,True
PO1000017680,HIJAU PRYAN PERDANA,ANGLO-EASTERN PLANTATION (AEP),SUMATERA UTARA,2.46215,100.27162,1,True
PO1000015587,KAMPAR ALAM MAS INTI,UNKNOWN,RIAU,0.56645589,101.1731847,1,True
PO1000017964,ANUGERAH PUTRA LANGKAT,UNKNOWN,SUMATERA UTARA,3.72093523,98.1988092,1,True
PO1000017996,CITRA BORNEO INDAH,CITRA BORNEO INDAH (CBI),KALIMANTAN TENGAH,-2.3083,111.4994,1,True
PO1000016677,KAMPARINDO AGRO INDUSTRI,KEMINDO,RIAU,-0.7521,101.72671,1,True
PO1000015871,SAWIT MAKMUR PERKASA,GENK AGRO MAS,SUMATERA BARAT,-0.71137391,101.32506,1,True
PO1000015874,SRI ULINA ERSADA KARINA,UNKNOWN,RIAU,1.32153,101.06748,1,True
PO1000015878,SURYA INTI PALMOIL,UNKNOWN,KALIMANTAN TENGAH,-2.46701,112.03604,1,True
PO1000016379,PALMA LESTARI JAYA,UNKNOWN,SULAWESI TENGAH,1.09032,121.34894,1,True
PO1000016381,MAKMUR PALMA LESTARI,UNKNOWN,RIAU,0.67476,100.85806,1,True
PO1000016536,LOKA INDAH LESTARI,KENCANA AGRI,GORONTALO,0.74308,121.28562,1,True
PO1000015872,TARI AGRO NABATI,UNKNOWN,SUMATERA UTARA,2.3966,99.69526,1,True
PO1000015875,ERASAKTI WIRAFORESTAMA,UNKNOWN,JAMBI,-1.52952316,103.63946,1,True
PO1000017066,AGRISENTRA LESTARI,SINAR JAYA AGRO INVESTAMA (SJAI),KALIMANTAN BARAT,0.02315,110.10649,1,True
PO1000017156,SAWIT MAS MAKMUR,UNKNOWN,SUMATERA UTARA,3.35356,99.23658,1,True
PO1000017995,INTERNUSA JAYA SEJAHTERA,INDONUSA,PAPUA,-7.28099,140.77914,1,True
PO1000017399,MARSAM CITRA ADIPERKASA,FANGIONO AGRO PLANTATION (FAP AGRI),KALIMANTAN TIMUR,0.27135,115.34439,1,True
PO1000015868,GUNUNG ANDALAN SUKSES,UNKNOWN,SULAWESI TENGGARA,-4.59246,121.50319,1,True
PO1000015869,INDAH SUBUR SAWIT,UNKNOWN,KALIMANTAN BARAT,0.52758,109.37094,1,True
PO1000016183,KELANTAN SAKTI,UNKNOWN,SUMATERA SELATAN,-4.01695,105.07719,1,True
PO1000016184,SUMATERA PALMA ANDALAN,UNKNOWN,SUMATERA SELATAN,-3.29389,103.28137,2,True
PO1000016676,SAMUKTI KARYA LESTARI,CISADANE RAYA,SUMATERA UTARA,1.3725492,98.92845,1,True
PO1000016972,SEMUNAI SAWIT PERKASA,WILIAN PERKASA,RIAU,1.05899,101.27661,1,True
PO1000016960,SUMATERA JAYA AGRO LESTARI,INCASI RAYA (GUNAS),KALIMANTAN BARAT,-0.0879,109.96568,1,True
PO1000016958,ENSEM SAWITA,ENSEM,SUMATERA SELATAN,-2.872558,103.29648,1,True
PO1000016961,KARYA AGUNG MEGAH UTAMA,KPN CORP,SUMATERA BARAT,-0.258286,99.97749,1,True
PO1000016963,RIZTIA KARYA MANDIRI,UNKNOWN,ACEH,2.44361,98.06206,1,True
PO1000016964,SAHABAT SAWIT ROKAN SEJAHTERA,UNKNOWN,RIAU,1.368619,100.51954,1,True
PO1000016966,AGRINDO PANCA TUNGGAL PERKASA,SIN TEK HUAT,JAMBI,-2.36778,102.78979,1,True
PO1000016968,BINTANG PERMATA KHATULISTIWA,LAMBANG AGRO PLANTATION,KALIMANTAN BARAT,-0.3882702,112.1533,1,True
PO1000016969,KURNIA MERANGIN BERJAYA,UNKNOWN,JAMBI,-2.18252,102.4709,1,True
PO1000016970,DALANTA MARSADA SUKSES,UNKNOWN,SUMATERA UTARA,2.124846,98.29241,1,True
PO1000016971,REJEKI ABADI SAMBOSAR,UNKNOWN,SUMATERA UTARA,3.1331,98.97124,1,True
PO1000017030,BIO INTI AGRINDO,POSCO INTERNATIONAL,PAPUA,-7.04748,140.88334,1,True
PO1000017060,JULIPRIMA KENTJANA,UNKNOWN,ACEH,4.43314,95.917573,1,True
PO1000017062,AGRO BORNEO MAS,UNKNOWN,KALIMANTAN TENGAH,-2.37131,112.43637,1,True
PO1000017063,MITRA MURATARA SEJAHTERA,UNKNOWN,SUMATERA SELATAN,-2.92282,102.77128,1,True
PO1000017064,KASPARI AGRO SENTOSA,UNKNOWN,JAMBI,-1.783705,103.48869,1,True
PO1000017065,SURYA LESTARI USAHA MANDIRI,UNKNOWN,JAMBI,-2.17854,102.82248,1,True
PO1000017067,BUMI AGRO PRIMA,BUMITAMA GUNAJAYA AGRO (BGA),KALIMANTAN TENGAH,-1.47594,113.94334,1,True
PO1000017404,SURYA SAWIT MANDIRI,UNKNOWN,RIAU,0.6337463,100.60071,1,True
PO1000017402,SUMATERA KARYA AGRO,UNKNOWN,RIAU,0.76413,100.49836,1,True
PO1000017406,HAMPARAN KEMILAU INDAH,UNKNOWN,SUMATERA UTARA,0.59589,99.20057,1,True
PO1000017398,MADINRA INTI SAWIT,DILLAH,SULAWESI TENGGARA,-4.284464,121.61544,1,True
PO1000017930,SAWIT PERMAI PRATAMA,UNKNOWN,SULAWESI TENGAH,-1.67584,121.91041,1,True
PO1000016538,PERMATA TIMUR LESTARI,SK PLUS,KALIMANTAN TENGAH,-1.95784,113.10061,1,True
PO1000017731,PERMATA LESTARI JAYA,ANDALAN ENERGI AGRO,KALIMANTAN BARAT,0.94409,111.21663,1,True
PO1000017931,MITRA ANDALAN SAWIT,UNKNOWN,SULAWESI BARAT,-2.20267,119.21682,1,True
PO1000017396,KARYA ALAM PERDANA,UNKNOWN,SULAWESI TENGGARA,-4.29589,122.11729,1,True
PO1000017988,RANTAU AGRONUSA SEJAHTERA,MAC SHIP HOLDING PTE LTD,RIAU,0.45201,101.18079,1,True
PO1000018007,BANKA AGRO PLANTARI,UNKNOWN,KEP. BANGKA BELITUNG,-2.72367,106.20891,1,True
PO1000017932,ERAKARYA MUKTI JAYA,ERAKARYA,RIAU,1.84665,100.96378,1,True
PO1000018005,SRIGUNUNG INTI AGRO PERSADA,ADR,SUMATERA SELATAN,-2.47066,103.98856,1,True
PO1000017678,HILTON DUTA LESTARI,UNKNOWN,KALIMANTAN BARAT,0.57462,109.3325,1,True
PO1000017999,SUKSES INTI PALMA,UNKNOWN,JAMBI,-1.713532,103.711845,1,True
PO1000017677,BORNEO SAWIT PERDANA,NUSANTARA SAWIT SEJAHTERA (NSS),KALIMANTAN TENGAH,-2.212381,113.011429,1,True
PO1000017934,AGRO MUARA RUPIT,SIPEF,SUMATERA SELATAN,-2.606119,102.86326,1,True
PO1000017935,NAGA BULAN,UNKNOWN,SUMATERA UTARA,3.2724054,99.100924,1,True
PO1000017938,LESTARI GEMILANG INTISAWIT,BUMITAMA GUNAJAYA AGRO (BGA),KALIMANTAN BARAT,-1.5531336,110.604647,1,True
PO1000018000,UJUNG TANJUNG SEJAHTERA,UNKNOWN,RIAU,1.6231307,101.0498,1,True
PO1000018001,TAMA BUANA JAYA,UNKNOWN,KEP. BANGKA BELITUNG,-2.8390212,106.46534,1,True
PO1000018003,TARO RAKAYA TASYRA,UNKNOWN,RIAU,0.4219229,101.68544,1,True
PO1000018004,BERLIAN NUSANTARA PERKASA,UNKNOWN,KALIMANTAN TIMUR,-0.6928851,116.214188,1,True
PO1000018006,TENERA SERGAI PERKASA,UNKNOWN,SUMATERA UTARA,3.1702382,99.016083,1,True
PO1000018008,PORMAN ANUGERAH SEJATI,UNKNOWN,JAMBI,-1.4208013,102.71939,1,True
PO1000016533,BINA AGRO TANI,UNKNOWN,KEP. BANGKA BELITUNG,-2.8089664,107.805266,1,True
PO1000017927,BERAU KARETINDO LESTARI,KARYA PLANTATION,KALIMANTAN TIMUR,2.308032,117.01722,1,True
PO1000017395,PERMATA TIMUR LESTARI,SK PLUS,KALIMANTAN TENGAH,-2.53469,112.47905,1,True
PO1000017397,KUTAI SAWIT MANDIRI,UNKNOWN,KALIMANTAN TIMUR,1.30145,117.06356,1,True
PO1000018002,MON JAMBEE,SUBARNI,ACEH,4.313285,96.178019,1,True
PO1000018009,PESONA SAWIT ABADI,UNKNOWN,KALIMANTAN TIMUR,1.7621929,117.967366,1,True
"geo:-1.80,103.10|humusindo",HUMUSINDO MAKMUR SEJATI,NAN RIANG,JAMBI,-1.792822,103.11206,1,True
"geo:0.10,103.15|suntai",TH INDO PLANTATIONS,KPN CORP,RIAU,0.116860735345368,103.14967368355,1,True
"geo:3.20,99.05|cipta",CIPTA SAWITA JAYA CEMERLANG,UNKNOWN,SUMATERA UTARA,3.20228,99.061712,1,True
"geo:-2.60,133.20|varita",VARITA MAJUTAMA,GENTING PLANTATIONS,PAPUA BARAT,-2.583533,133.221722,1,True
"geo:-2.55,120.45|sukamaju",JAS MULIA,UNKNOWN,SULAWESI SELATAN,-2.571929,120.431743,1,True
"geo:-2.45,139.90|rimba",RIMBA MATOA LESTARI,KALIMANTAN PLANTATION UNIT (KPU),PAPUA,-2.457118,139.90691,1,True
"geo:-0.95,133.85|yongjing",YONGJING INVESTINDO,CAPITOL,PAPUA BARAT,-0.930507,133.853845,1,True
"geo:2.60,96.10|sinabang",RAJA MARGA,UNKNOWN,ACEH,2.587551,96.081865,1,True
"geo:-2.90,129.80|nusa",NUSA INA,NUSAINA,MALUKU,-2.903052,129.799361,1,True
"geo:1.45,100.15|bukit",TOR GANDA,PANCA PUTRA GANDA,SUMATERA UTARA,1.472882,100.12722,1,True
"geo:-1.70,103.60|induk",INDUK KOPERASI UNIT DESA,UNKNOWN,JAMBI,-1.691947,103.592431,1,True
"geo:4.15,117.70|laura",LAURA SEGAR JAYA,UNKNOWN,KALIMANTAN UTARA,4.137736,117.721172,1,True
"geo:-1.40,113.05|persada",PERSADA SEJAHTERA AGRO MAKMUR,MULIA SAWIT AGRO LESTARI (MSAL),KALIMANTAN TENGAH,-1.380493,113.060142,1,True
"geo:-3.30,114.25|lupak",HIJAUPERTIWI INDAH PLANTATIONS,SALIM GROUP,KALIMANTAN TENGAH,-3.290455,114.266477,1,True
"geo:-3.15,113.65|surya",SURYA MAS CIPTA PERKASA,BEST INDUSTRY,KALIMANTAN TENGAH,-3.151297,113.645131,1,True
"geo:-2.25,112.85|tunas",TUNAS AGRO SUBUR KENCANA,BEST INDUSTRY,KALIMANTAN TENGAH,-2.250799,112.825632,1,True
"geo:-1.95,111.50|sumber",MIRZA PRATAMA PUTRA,CITRA BORNEO INDAH (CBI),KALIMANTAN TENGAH,-1.957885,111.498094,1,True
"geo:1.50,109.60|wana",WANA HIJAU SEMESTA,DARMEX AGRO,KALIMANTAN BARAT,1.514572,109.597111,1,True
"geo:-2.05,101.00|transco",TRANSCO ENERGI UTAMA,INCASI RAYA (GUNAS),SUMATERA BARAT,-2.063254,101.00628,1,True
"geo:-8.15,112.20|sawit",SAWIT ARUM MADANI,JATINOM INDAH,JAWA TIMUR,-8.15099,112.224573,1,True
"geo:4.05,98.25|sejahtera",SEJAHTERA MAKMUR SEJATI,UNKNOWN,SUMATERA UTARA,4.033168,98.23619,1,True
"geo:-5.10,105.55|pks",TUNAS BARU LAMPUNG,SUNGAI BUDI,LAMPUNG,-5.10253,105.557228,1,True
"geo:1.30,100.00|patogu",TOR GANDA,PANCA PUTRA GANDA,SUMATERA UTARA,1.318362,100.010552,1,True
"geo:-3.50,115.90|danau",KODECO AGROJAYA MANDIRI,JHONLIN,KALIMANTAN SELATAN,-3.507185,115.915981,1,True
"geo:1.80,101.30|koperasi",KOPERASI JASA MANDIRI JAYA LESTARI,UNKNOWN,RIAU,1.8196581,101.31355,1,True
"geo:-4.15,102.65|air",BENGKULU SAWIT LESTARI,SAWIT LESTARI,BENGKULU,-4.131564,102.641244,1,True
"geo:3.85,117.35|sebaung",SEBAUNG SAWIT PLANTATIONS,SHANGHAI XINJIU CHEMICAL CO.,KALIMANTAN UTARA,3.8356611,117.33919,1,True
"geo:-0.90,115.80|agro",AGRO MANUNGGAL SELARAS,KALIMANTAN AGRO SEJAHTERA (KAS),KALIMANTAN TIMUR,-0.89136,115.79645,1,True
"geo:-3.95,105.40|arus",ARUS PUTRA MAJU,UNKNOWN,LAMPUNG,-3.97281057,105.3871727,1,True
"geo:-0.85,111.45|adau",ADAU AGRO KALBAR,MUKTI,KALIMANTAN BARAT,-0.82672,111.44816,1,True
"geo:2.80,117.55|abdi",ABDI BORNEO PLANTATIONS,GLENEALY PLANTATIONS,KALIMANTAN UTARA,2.77555,117.55465,1,True
"geo:-2.45,111.30|tonam",BUMITAMA GUNAJAYA ABADI,BUMITAMA GUNAJAYA AGRO (BGA),KALIMANTAN TENGAH,-2.428722,111.29928128,1,True
"geo:0.85,120.80|citra",CITRA MULIA PERKASA,BUKIT BERLIAN,SULAWESI TENGAH,0.8682074,120.80292,1,True
"geo:3.80,117.60|palem",PALEM SEGAR LESTARI,HENAN JIUJIU CHEMICAL CO.,KALIMANTAN UTARA,3.8215156,117.61337,1,True
"geo:0.30,101.40|anugerah",ANUGERAH SAWIT SEJAHTERA,UNKNOWN,RIAU,0.27605354,101.39015,1,True
"geo:-3.60,104.80|treekreasi",TREEKREASI MARGAMULIA,CAHAYA PUTIH,SUMATERA SELATAN,-3.618303,104.7886707,1,True
"geo:-2.00,116.00|anugerah",ANUGERAH ABADI MULTI USAHA,CILIANDRY ANKY ABADI,KALIMANTAN TIMUR,-1.97915,115.97991,1,True
"geo:-0.55,116.05|isuy",PERUSAHAAN PERKEBUNAN LONDON SUMATRA INDONESIA,SALIM GROUP,KALIMANTAN TIMUR,-0.5425444,116.0442339,1,True
"geo:-0.30,109.40|rasau",ASIA PALEM LESTARI,UNKNOWN,KALIMANTAN BARAT,-0.29243,109.38337,1,True
"geo:1.95,101.40|marita",MARITA MAKMUR JAYA,UNKNOWN,RIAU,1.97384,101.41143,1,True
"geo:3.30,99.15|anugerah",ANUGERAH MAKMUR JAYA,UNKNOWN,SUMATERA UTARA,3.320727,99.127989,1,True
"geo:-3.20,103.05|kenanga",EVANS LESTARI,MP EVANS,SUMATERA SELATAN,-3.21623,103.05537,1,True
"geo:-1.00,114.25|gemilang",KAPUAS MAJU JAYA,GENTING PLANTATIONS,KALIMANTAN TENGAH,-1.01089,114.27274,1,True
"geo:3.65,98.55|hamparan",HAMPARAN SAWIT MAKMUR,UNKNOWN,SUMATERA UTARA,3.63676,98.56815,1,True
"geo:1.30,101.30|gora",GORA MANDAU SAWIT,UNKNOWN,RIAU,1.2761961,101.30557,1,True
"geo:2.85,99.45|sahabat",SAHABAT SEJATI SETIA SELALU,UNKNOWN,SUMATERA UTARA,2.83147,99.46649,1,True
"geo:0.40,101.25|kampar",TUNGGAL YUNUS ESTATE,ROYAL GOLDEN EAGLE,RIAU,0.40782,101.22607,1,True
"geo:-3.30,113.85|karya",KARYA LUHUR SEJATI,BEST INDUSTRY,KALIMANTAN TENGAH,-3.31215,113.86923,1,True
"geo:3.10,99.60|jaya",JAYA PRATAMA SAWIT,UNKNOWN,SUMATERA UTARA,3.089775,99.59913,1,True
"geo:-2.55,114.70|united",UNITED AGRO INDONESIA,GENTING PLANTATIONS,KALIMANTAN TENGAH,-2.548423,114.69563,1,True
"geo:-0.75,101.50|cengar",BUKIT KUANSING PERMAI,UNKNOWN,RIAU,-0.7262942,101.511514,1,True
"geo:-2.90,133.05|rimbun",RIMBUN SAWIT PAPUA,INDOGUNTA,PAPUA BARAT,-2.915441,133.04879,1,True
"geo:1.25,109.40|inti",INTI SAWIT GEMILANG,UNKNOWN,KALIMANTAN BARAT,1.238714,109.39038,1,True
"geo:-0.45,102.45|cahaya",CAHAYA LESTARI SAWITA,UNKNOWN,RIAU,-0.441293,102.45175,1,True
"geo:0.80,100.45|rambah",RAMBAH SAWIT MANDIRI,UNKNOWN,RIAU,0.818173,100.43571,1,True
"geo:-4.55,104.45|pesona",PESONA SAWIT MAKMUR,UNKNOWN,LAMPUNG,-4.5319703,104.473769,1,True
"geo:-0.45,101.60|subur",SUBUR BERKAH LESTARI,UNKNOWN,RIAU,-0.43841,101.61169,1,True
"geo:-1.85,110.65|palma",PALMA LESTARI PUTRA BORNEO,UNKNOWN,KALIMANTAN BARAT,-1.8685253,110.651571,1,True
"geo:-1.50,113.65|flora",FLORA NUSA PERDANA,SUMBER TANI AGUNG (STA),KALIMANTAN TENGAH,-1.4964884,113.664381,1,True
"geo:1.90,100.15|mitra",MITRA SAWIT PERKASA,UNKNOWN,SUMATERA UTARA,1.8807109,100.130774,1,True
"geo:1.70,100.45|sinergi",SINERGI INTEGRITAS AGROINDUSTRI,UNKNOWN,RIAU,1.680715,100.442019,1,True
"geo:0.00,111.00|makmur",MAKMUR PRIMA LESTARI,UNKNOWN,KALIMANTAN BARAT,0.02282,111.0162,1,True
"geo:-1.85,110.40|alam",ALAM SELATAN MANDIRI,UNKNOWN,KALIMANTAN BARAT,-1.845462,110.41008,1,True
"geo:1.85,100.15|tujuh",TUJUH SERANGKAI SAWIT PERDANA,UNKNOWN,SUMATERA UTARA,1.8492832,100.15496,1,True
"geo:-4.05,104.15|karya",KARYA INTI TANI,UNKNOWN,SUMATERA SELATAN,-4.042939,104.150667,1,True
"geo:-3.95,102.45|seluma",SELUMA SAWIT LESTARI,UNKNOWN,BENGKULU,-3.950869,102.44124,1,True
"geo:-1.05,115.05|perkasa",PERKASA SAWIT PERMAI,SK PLUS,KALIMANTAN TENGAH,-1.06878,115.04356,1,True
"geo:-3.05,114.15|borneo",BORNEO SAWIT GEMILANG,CITRA BORNEO INDAH (CBI),KALIMANTAN TENGAH,-3.0258329,114.13263,1,True
"geo:0.65,101.05|petapahan",PETAPAHAN MAKMUR JAYA,UNKNOWN,RIAU,0.67446,101.05027,1,True
"geo:1.80,100.20|bensuli",BENSULI ASAM SAWIT,UNKNOWN,SUMATERA UTARA,1.783941,100.179193,1,True
"geo:3.10,99.30|tri",TRI CAHAYA SAWIT,UNKNOWN,SUMATERA UTARA,3.094408,99.30676,1,True
"geo:0.45,101.55|sentana",SENTANA KARYA BERSAMA,UNKNOWN,RIAU,0.44336,101.57035,1,True
"geo:0.45,101.15|lubuk",LUBUK SAWTINDO SEJAHTERA,UNKNOWN,RIAU,0.46236,101.1725,1,True
"geo:1.35,100.35|agung",AGUNG PERMAI SAWITA,UNKNOWN,RIAU,1.37122,100.35416,1,True
"geo:-3.25,111.80|kumai",KUMAI SENTOSA,GAGAH PUTERA SATRIA (GPS),KALIMANTAN TENGAH,-3.27331,111.82326,1,True
"geo:-2.15,115.00|tamiyang",INDOPENTA SEJAHTERA ABADI,WINGS AGRO,KALIMANTAN TENGAH,-2.133749,114.99347,1,True
"geo:1.70,100.50|bagan",BAGAN CITRA LESTARI,UNKNOWN,RIAU,1.68046,100.48639,1,True
"geo:1.70,100.55|bagan",BAGAN MULTI SAWIT,UNKNOWN,RIAU,1.69323,100.53559,1,True
"geo:0.00,117.35|cahaya",CAHAYA GEMILANG SAWIT,UNKNOWN,KALIMANTAN TIMUR,0.0153286,117.370515,1,True
"geo:-0.45,101.40|sinergi",SINERGI INTI MAKMUR,UNKNOWN,RIAU,-0.43676,101.38769,1,True
"geo:1.30,101.05|tumpuan",TUMPUAN,KRISTON AGRO,RIAU,1.29039,101.05435,1,True
"geo:-1.75,103.90|gemilang",GEMILANG BERSAMA UTAMA,UNKNOWN,JAMBI,-1.74959,103.88255,1,True
"geo:3.75,98.50|tetap",TETAP JAYA LESTARI,UNKNOWN,SUMATERA UTARA,3.762148,98.48915,1,True
"geo:2.65,98.05|bensuli",BENSULI SALAM MAKMUR,UNKNOWN,ACEH,2.6330133,98.034869,1,True
"geo:-4.25,102.75|sendawar",MUTIARA SAWIT SELUMA,UNKNOWN,BENGKULU,-4.2459397,102.764669,1,True
"geo:-4.25,102.75|seluma",SELUMA SAWIT MANDIRI,UNKNOWN,BENGKULU,-4.2299742,102.755172,1,True
"geo:-3.35,102.10|berkat",BERKAT BUMI SAWIT,UNKNOWN,BENGKULU,-3.3444226,102.11437,1,True
"geo:4.05,98.15|holi",HOLI PALMA,UNKNOWN,SUMATERA UTARA,4.0544,98.130222,1,True
"geo:2.70,98.00|msb",MANDIRI SAWIT BERSAMA,SUPERVENTURE,ACEH,2.7194088,97.975928,1,True
"geo:1.95,99.90|hari",HARI TANI SAWIT,UNKNOWN,SUMATERA UTARA,1.95934,99.87522,1,True
"geo:-0.40,101.65|fajar",FAJAR RIAU LESTARI,UNKNOWN,RIAU,-0.40403,101.64196,1,True
"geo:0.40,99.40|bangunan",BANGUNAN RAHMAT,UNKNOWN,SUMATERA BARAT,0.41889,99.38987,1,True
"geo:1.00,101.25|doton",DOTON PUTRA KANDIS,UNKNOWN,RIAU,1.01137,101.27404,1,True
"geo:-2.20,104.55|raja",RAJA PALMA,SUNGAI BUDI,SUMATERA SELATAN,-2.22071,104.5266,1,True
"geo:4.80,97.80|alam",ALAM SAWIT INDO,UNKNOWN,ACEH,4.78378,97.8037,1,True
"geo:1.75,100.40|bukit",BUKIT SUKSES MAKMUR,UNKNOWN,RIAU,1.77435,100.41882,1,True
"geo:0.95,101.00|tenera",TENERA INTI SAWIT,UNKNOWN,RIAU,0.9522392,100.9978,1,True
"geo:4.55,97.95|zaitun",ZAITUN NUSANTARA OIL,UNKNOWN,ACEH,4.5561113,97.926012,1,True
"geo:-0.70,115.80|borneo",BORNEO CITRA PERSADA MANDIRI,KALIMANTAN AGRO SEJAHTERA (KAS),KALIMANTAN TIMUR,-0.68496212,115.78866,1,True
"geo:-0.05,109.75|palmdale",PALMDALE AGROASIA LESTARI MAKMUR,UNKNOWN,KALIMANTAN BARAT,-0.02568856,109.76956309,1,True
"geo:-4.55,104.15|agro",AGRO GADING SEJAHTERA,TIANJIN JULONG,SUMATERA SELATAN,-4.5480882,104.1461679,1,True
"geo:-0.70,100.25|kapabe",KAKAK ADE PADANG PARIAMAN BERKAH,UNKNOWN,SUMATERA BARAT,-0.71991081,100.271551,1,True
"geo:0.85,110.50|permai",PERMAI ALAM RAYA,UNKNOWN,KALIMANTAN BARAT,0.82848,110.5125,1,True
